no,group,name,tip_label,hpv_genome,genus,group_number,hpv_name,group_genome,color,shape,size
1,pave,HPV60,HPV60-L1|lcl|Human,60,gamma,4,gammapapillomavirus_4,gamma_HPV60,gamma,21,1
2,pave,HPV184,HPV184-L1|lcl|Human,184,gamma,25,gammapapillomavirus_25,gamma_HPV184,gamma,21,1
3,pave,HPV175,HPV175-L1|lcl|Human,175,gamma,23,gammapapillomavirus_23,gamma_HPV175,gamma,21,1
4,pave,HPV156,HPV156-L1|lcl|Human,156,gamma,18,gammapapillomavirus_18,gamma_HPV156,gamma,21,1
5,rag,Met2824_rag_skin_NODE_620_length_7339_cov_40.698380_1,Met2824_rag_skin_NODE_620_length_7339_cov_40.698380_1,0,rag,172,0,0,red,23,1.4
6,rag,Met2859_rag_skin_NODE_319_length_7314_cov_13.978372_4,Met2859_rag_skin_NODE_319_length_7314_cov_13.978372_4,0,rag,223,0,0,red,23,1.4
7,pave,HPV223,HPV223-L1|lcl|Human,223,gamma,NA,gammapapillomavirus_NA,gamma_HPV223,gamma,21,1
8,rag,Met2859_rag_skin_NODE_330_length_7269_cov_7.279734_5,Met2859_rag_skin_NODE_330_length_7269_cov_7.279734_5,0,rag,223,0,0,red,23,1.4
9,pave,HPV172,HPV172-L1|lcl|Human,172,gamma,22,gammapapillomavirus_22,gamma_HPV172,gamma,21,1
10,rag,Met2906_rag_skin_NODE_612_length_7268_cov_34.690697_1,Met2906_rag_skin_NODE_612_length_7268_cov_34.690697_1,0,rag,172,0,0,red,23,1.4
11,rag,Met2906_rag_skin_NODE_608_length_7279_cov_54.309109_1,Met2906_rag_skin_NODE_608_length_7279_cov_54.309109_1,0,rag,156,0,0,red,23,1.4
12,pave,HPV88,HPV88-L1|lcl|Human,88,gamma,5,gammapapillomavirus_5,gamma_HPV88,gamma,21,1
13,pave,HPV211,HPV211-L1|lcl|Human,211,gamma,NA,gammapapillomavirus_NA,gamma_HPV211,gamma,21,1
14,pave,HPV187,HPV187-L1|lcl|Human,187,gamma,26,gammapapillomavirus_26,gamma_HPV187,gamma,21,1
15,pave,HPV224,HPV224-L1|lcl|Human,224,gamma,NA,gammapapillomavirus_NA,gamma_HPV224,gamma,21,1
16,pave,HPV176,HPV176-L1|lcl|Human,176,gamma,8,gammapapillomavirus_8,gamma_HPV176,gamma,21,1
17,pave,HPV147,HPV147-L1|lcl|Human,147,gamma,8,gammapapillomavirus_8,gamma_HPV147,gamma,21,1
18,pave,HPV168,HPV168-L1|lcl|Human,168,gamma,8,gammapapillomavirus_8,gamma_HPV168,gamma,21,1
19,pave,HPV164,HPV164-L1|lcl|Human,164,gamma,8,gammapapillomavirus_8,gamma_HPV164,gamma,21,1
20,pave,HPV112,HPV112-L1|lcl|Human,112,gamma,8,gammapapillomavirus_8,gamma_HPV112,gamma,21,1
21,pave,HPV119,HPV119-L1|lcl|Human,119,gamma,8,gammapapillomavirus_8,gamma_HPV119,gamma,21,1
22,rag,Met2824_rag_skin_NODE_653_length_7222_cov_161.100600_4,Met2824_rag_skin_NODE_653_length_7222_cov_161.100600_4,0,rag,200,0,0,red,21,1.4
23,pave,HPV200,HPV200-L1|lcl|Human,200,gamma,2,gammapapillomavirus_2,gamma_HPV200,gamma,21,1
24,pave,HPV48,HPV48-L1|lcl|Human,48,gamma,2,gammapapillomavirus_2,gamma_HPV48,gamma,21,1
25,pave,HPV131,HPV131-L1|lcl|Human,131,gamma,14,gammapapillomavirus_14,gamma_HPV131,gamma,21,1
26,pave,HPV50,HPV50-L1|lcl|Human,50,gamma,3,gammapapillomavirus_3,gamma_HPV50,gamma,21,1
27,pave,HPV188,HPV188-L1|lcl|Human,188,gamma,3,gammapapillomavirus_3,gamma_HPV188,gamma,21,1
28,pave,HPV165,HPV165-L1|lcl|Human,165,gamma,12,gammapapillomavirus_12,gamma_HPV165,gamma,21,1
29,rag,Met2824_rag_skin_NODE_654_length_7217_cov_10767.006004_1,Met2824_rag_skin_NODE_654_length_7217_cov_10767.006004_1,0,rag,148,0,0,red,21,1.4
30,pave,HPV148,HPV148-L1|lcl|Human,148,gamma,12,gammapapillomavirus_12,gamma_HPV148,gamma,21,1
31,pave,HPV157,HPV157-L1|lcl|Human,157,gamma,NA,gammapapillomavirus_NA,gamma_HPV157,gamma,21,1
32,rag,Met2825_rag_skin_NODE_470_length_7227_cov_26.935025_1,Met2825_rag_skin_NODE_470_length_7227_cov_26.935025_1,0,rag,148,0,0,red,23,1.4
33,rag,Met2861_rag_skin_NODE_102_length_7227_cov_10.326966_3,Met2861_rag_skin_NODE_102_length_7227_cov_10.326966_3,0,rag,157,0,0,red,23,1.4
34,pave,HPV132,HPV132-L1|lcl|Human,132,gamma,12,gammapapillomavirus_12,gamma_HPV132,gamma,21,1
35,pave,HPV210,HPV210-L1|lcl|Human,210,gamma,NA,gammapapillomavirus_NA,gamma_HPV210,gamma,21,1
36,rag,Met2824_rag_skin_NODE_658_length_7170_cov_105.938018_6,Met2824_rag_skin_NODE_658_length_7170_cov_105.938018_6,0,rag,199,0,0,red,23,1.4
37,pave,HPV199,HPV199-L1|lcl|Human,199,gamma,12,gammapapillomavirus_12,gamma_HPV199,gamma,21,1
38,rag,Met2824_rag_skin_NODE_649_length_7236_cov_15.327949_4,Met2824_rag_skin_NODE_649_length_7236_cov_15.327949_4,0,rag,127,0,0,red,21,1.4
39,pave,HPV127,HPV127-L1|lcl|Human,127,gamma,12,gammapapillomavirus_12,gamma_HPV127,gamma,21,1
40,pave,HPV192,HPV192-L1|lcl|Human,192,gamma,15,gammapapillomavirus_15,gamma_HPV192,gamma,21,1
41,pave,HPV207,HPV207-L1|lcl|Human,207,gamma,NA,gammapapillomavirus_NA,gamma_HPV207,gamma,21,1
42,rag,Met2824_rag_skin_NODE_630_length_7312_cov_74.101144_1,Met2824_rag_skin_NODE_630_length_7312_cov_74.101144_1,0,rag,146,0,0,red,23,1.4
43,rag,Met2859_rag_skin_NODE_321_length_7312_cov_14.277387_5,Met2859_rag_skin_NODE_321_length_7312_cov_14.277387_5,0,rag,146,0,0,red,23,1.4
44,pave,HPV146,HPV146-L1|lcl|Human,146,gamma,15,gammapapillomavirus_15,gamma_HPV146,gamma,21,1
45,rag,Met2825_rag_skin_NODE_465_length_7294_cov_19.255146_3,Met2825_rag_skin_NODE_465_length_7294_cov_19.255146_3,0,rag,146,0,0,red,21,1.4
46,pave,HPV135,HPV135-L1|lcl|Human,135,gamma,15,gammapapillomavirus_15,gamma_HPV135,gamma,21,1
47,pave,HPV179,HPV179-L1|lcl|Human,179,gamma,15,gammapapillomavirus_15,gamma_HPV179,gamma,21,1
48,pave,HPV213,HPV213-L1|lcl|Human,213,gamma,NA,gammapapillomavirus_NA,gamma_HPV213,gamma,21,1
49,pave,HPV219,HPV219-L1|lcl|Human,219,gamma,NA,gammapapillomavirus_NA,gamma_HPV219,gamma,21,1
50,pave,HPV153,HPV153-L1|lcl|Human,153,gamma,13,gammapapillomavirus_13,gamma_HPV153,gamma,21,1
51,rag,Met2906_rag_skin_NODE_604_length_7317_cov_20.215505_2,Met2906_rag_skin_NODE_604_length_7317_cov_20.215505_2,0,rag,128,0,0,red,21,1.4
52,pave,HPV128,HPV128-L1|lcl|Human,128,gamma,13,gammapapillomavirus_13,gamma_HPV128,gamma,21,1
53,pave,HPV137,HPV137-L1|lcl|Human,137,gamma,16,gammapapillomavirus_16,gamma_HPV137,gamma,21,1
54,rag,Met2824_rag_skin_NODE_637_length_7291_cov_10.182836_4,Met2824_rag_skin_NODE_637_length_7291_cov_10.182836_4,0,rag,137,0,0,red,21,1.4
55,pave,HPV215,HPV215-L1|lcl|Human,215,gamma,NA,gammapapillomavirus_NA,gamma_HPV215,gamma,21,1
56,pave,HPV216,HPV216-L1|lcl|Human,216,gamma,NA,gammapapillomavirus_NA,gamma_HPV216,gamma,21,1
57,pave,HPV129,HPV129-L1|lcl|Human,129,gamma,9,gammapapillomavirus_9,gamma_HPV129,gamma,21,1
58,pave,HPV116,HPV116-L1|lcl|Human,116,gamma,9,gammapapillomavirus_9,gamma_HPV116,gamma,21,1
59,rag,Met2824_rag_skin_NODE_619_length_7355_cov_28.153973_1,Met2824_rag_skin_NODE_619_length_7355_cov_28.153973_1,0,rag,129,0,0,red,23,1.4
60,pave,HPV181,HPV181-L1|lcl|Human,181,gamma,11,gammapapillomavirus_11,gamma_HPV181,gamma,21,1
61,pave,HPV126,HPV126-L1|lcl|Human,126,gamma,11,gammapapillomavirus_11,gamma_HPV126,gamma,21,1
62,pave,HPV169,HPV169-L1|lcl|Human,169,gamma,11,gammapapillomavirus_11,gamma_HPV169,gamma,21,1
63,pave,HPV171,HPV171-L1|lcl|Human,171,gamma,11,gammapapillomavirus_11,gamma_HPV171,gamma,21,1
64,pave,HPV202,HPV202-L1|lcl|Human,202,gamma,NA,gammapapillomavirus_NA,gamma_HPV202,gamma,21,1
65,pave,HPV140,HPV140-L1|lcl|Human,140,gamma,11,gammapapillomavirus_11,gamma_HPV140,gamma,21,1
66,rag,Met2824_rag_skin_NODE_623_length_7332_cov_35.031469_6,Met2824_rag_skin_NODE_623_length_7332_cov_35.031469_6,0,rag,154,0,0,red,23,1.4
67,pave,HPV154,HPV154-L1|lcl|Human,154,gamma,11,gammapapillomavirus_11,gamma_HPV154,gamma,21,1
68,pave,HPV141,HPV141-L1|lcl|Human,141,gamma,11,gammapapillomavirus_11,gamma_HPV141,gamma,21,1
69,rag,Met2861_rag_skin_NODE_98_length_7374_cov_32.292800_4,Met2861_rag_skin_NODE_98_length_7374_cov_32.292800_4,0,rag,148,0,0,red,21,1.4
70,rag,Met2825_rag_skin_NODE_454_length_7374_cov_21.799016_4,Met2825_rag_skin_NODE_454_length_7374_cov_21.799016_4,0,rag,136,0,0,red,21,1.4
71,pave,HPV136,HPV136-L1|lcl|Human,136,gamma,11,gammapapillomavirus_11,gamma_HPV136,gamma,21,1
72,rag,Met2824_rag_skin_NODE_618_length_7355_cov_67.220411_1,Met2824_rag_skin_NODE_618_length_7355_cov_67.220411_1,0,rag,203,0,0,red,21,1.4
73,pave,HPV222,HPV222-L1|lcl|Human,222,gamma,NA,gammapapillomavirus_NA,gamma_HPV222,gamma,21,1
74,pave,HPV161,HPV161-L1|lcl|Human,161,gamma,19,gammapapillomavirus_19,gamma_HPV161,gamma,21,1
75,pave,HPV166,HPV166-L1|lcl|Human,166,gamma,19,gammapapillomavirus_19,gamma_HPV166,gamma,21,1
76,pave,HPV162,HPV162-L1|lcl|Human,162,gamma,19,gammapapillomavirus_19,gamma_HPV162,gamma,21,1
77,pave,HPV167,HPV167-L1|lcl|Human,167,gamma,21,gammapapillomavirus_21,gamma_HPV167,gamma,21,1
78,pave,HPV220,HPV220-L1|lcl|Human,220,gamma,NA,gammapapillomavirus_NA,gamma_HPV220,gamma,21,1
79,rag,Met2825_rag_skin_NODE_463_length_7299_cov_27.241579_4,Met2825_rag_skin_NODE_463_length_7299_cov_27.241579_4,0,rag,212,0,0,red,23,1.4
80,pave,HPV144,HPV144-L1|lcl|Human,144,gamma,17,gammapapillomavirus_17,gamma_HPV144,gamma,21,1
81,pave,HPV212,HPV212-L1|lcl|Human,212,gamma,NA,gammapapillomavirus_NA,gamma_HPV212,gamma,21,1
82,pave,HPV208,HPV208-L1|lcl|Human,208,gamma,NA,gammapapillomavirus_NA,gamma_HPV208,gamma,21,1
83,pave,HPV190,HPV190-L1|lcl|Human,190,gamma,24,gammapapillomavirus_24,gamma_HPV190,gamma,21,1
84,pave,HPV197,HPV197-L1|lcl|Human,197,gamma,24,gammapapillomavirus_24,gamma_HPV197,gamma,21,1
85,pave,HPV178,HPV178-L1|lcl|Human,178,gamma,24,gammapapillomavirus_24,gamma_HPV178,gamma,21,1
86,pave,HPV201,HPV201-L1|lcl|Human,201,gamma,27,gammapapillomavirus_27,gamma_HPV201,gamma,21,1
87,pave,HPV183,HPV183-L1|lcl|Human,183,gamma,20,gammapapillomavirus_20,gamma_HPV183,gamma,21,1
88,pave,HPV163,HPV163-L1|lcl|Human,163,gamma,20,gammapapillomavirus_20,gamma_HPV163,gamma,21,1
89,pave,HPV194,HPV194-L1|lcl|Human,194,gamma,20,gammapapillomavirus_20,gamma_HPV194,gamma,21,1
90,rag,Met2823_rag_skin_NODE_198_length_7315_cov_240.591322_6,Met2823_rag_skin_NODE_198_length_7315_cov_240.591322_6,0,rag,194,0,0,red,21,1.4
91,rag,Met2824_rag_skin_NODE_629_length_7315_cov_84.869835_1,Met2824_rag_skin_NODE_629_length_7315_cov_84.869835_1,0,rag,194,0,0,red,21,1.4
92,pave,HPV205,HPV205-L1|lcl|Human,205,gamma,NA,gammapapillomavirus_NA,gamma_HPV205,gamma,21,1
93,pave,HPV173,HPV173-L1|lcl|Human,173,gamma,1,gammapapillomavirus_1,gamma_HPV173,gamma,21,1
94,pave,HPV158,HPV158-L1|lcl|Human,158,gamma,NA,gammapapillomavirus_NA,gamma_HPV158,gamma,21,1
95,pave,HPV95,HPV95-L1|lcl|Human,95,gamma,1,gammapapillomavirus_1,gamma_HPV95,gamma,21,1
96,pave,HPV65,HPV65-L1|lcl|Human,65,gamma,1,gammapapillomavirus_1,gamma_HPV65,gamma,21,1
97,pave,HPV4,HPV4-L1|lcl|Human,4,gamma,1,gammapapillomavirus_1,gamma_HPV4,gamma,21,1
98,rag,Met2825_rag_skin_NODE_449_length_7408_cov_195.076567_1,Met2825_rag_skin_NODE_449_length_7408_cov_195.076567_1,0,rag,4,0,0,red,21,1.4
99,pave,HPV133,HPV133-L1|lcl|Human,133,gamma,10,gammapapillomavirus_10,gamma_HPV133,gamma,21,1
100,pave,HPV130,HPV130-L1|lcl|Human,130,gamma,10,gammapapillomavirus_10,gamma_HPV130,gamma,21,1
101,pave,HPV180,HPV180-L1|lcl|Human,180,gamma,10,gammapapillomavirus_10,gamma_HPV180,gamma,21,1
102,pave,HPV121,HPV121-L1|lcl|Human,121,gamma,10,gammapapillomavirus_10,gamma_HPV121,gamma,21,1
103,pave,HPV191,HPV191-L1|lcl|Human,191,gamma,10,gammapapillomavirus_10,gamma_HPV191,gamma,21,1
104,pave,HPV221,HPV221-L1|lcl|Human,221,gamma,NA,gammapapillomavirus_NA,gamma_HPV221,gamma,21,1
105,pave,HPV142,HPV142-L1|lcl|Human,142,gamma,10,gammapapillomavirus_10,gamma_HPV142,gamma,21,1
106,rag,Met2824_rag_skin_NODE_597_length_7430_cov_11.062780_4,Met2824_rag_skin_NODE_597_length_7430_cov_11.062780_4,0,rag,142,0,0,red,21,1.4
107,pave,HPV19,HPV19-L1|lcl|Human,19,beta,1,betapapillomavirus_1,beta_HPV19,beta,21,1
108,pave,HPV25,HPV25-L1|lcl|Human,25,beta,1,betapapillomavirus_1,beta_HPV25,beta,21,1
109,pave,HPV21,HPV21-L1|lcl|Human,21,beta,1,betapapillomavirus_1,beta_HPV21,beta,21,1
110,pave,HPV14,HPV14-L1|lcl|Human,14,beta,1,betapapillomavirus_1,beta_HPV14,beta,21,1
111,pave,HPV20,HPV20-L1|lcl|Human,20,beta,1,betapapillomavirus_1,beta_HPV20,beta,21,1
112,pave,HPV93,HPV93-L1|lcl|Human,93,beta,1,betapapillomavirus_1,beta_HPV93,beta,21,1
113,pave,HPV98,HPV98-L1|lcl|Human,98,beta,1,betapapillomavirus_1,beta_HPV98,beta,21,1
114,pave,HPV24,HPV24-L1|lcl|Human,24,beta,1,betapapillomavirus_1,beta_HPV24,beta,21,1
115,pave,HPV152,HPV152-L1|lcl|Human,152,beta,1,betapapillomavirus_1,beta_HPV152,beta,21,1
116,pave,HPV124,HPV124-L1|lcl|Human,124,beta,1,betapapillomavirus_1,beta_HPV124,beta,21,1
117,pave,HPV196,HPV196-L1|lcl|Human,196,beta,1,betapapillomavirus_1,beta_HPV196,beta,21,1
118,pave,HPV118,HPV118-L1|lcl|Human,118,beta,1,betapapillomavirus_1,beta_HPV118,beta,21,1
119,pave,HPV195,HPV195-L1|lcl|Human,195,beta,1,betapapillomavirus_1,beta_HPV195,beta,21,1
120,rag,Met2825_rag_skin_NODE_423_length_7787_cov_9.055872_2,Met2825_rag_skin_NODE_423_length_7787_cov_9.055872_2,0,rag,47,0,0,red,21,1.4
121,pave,HPV47,HPV47-L1|lcl|Human,47,beta,1,betapapillomavirus_1,beta_HPV47,beta,21,1
122,pave,HPV5,HPV5-L1|lcl|Human,5,beta,1,betapapillomavirus_1,beta_HPV5,beta,21,1
123,pave,HPV143,HPV143-L1|lcl|Human,143,beta,1,betapapillomavirus_1,beta_HPV143,beta,21,1
124,pave,HPV36,HPV36-L1|lcl|Human,36,beta,1,betapapillomavirus_1,beta_HPV36,beta,21,1
125,pave,HPV99,HPV99-L1|lcl|Human,99,beta,1,betapapillomavirus_1,beta_HPV99,beta,21,1
126,pave,HPV8,HPV8-L1|lcl|Human,8,beta,1,betapapillomavirus_1,beta_HPV8,beta,21,1
127,pave,HPV105,HPV105-L1|lcl|Human,105,beta,1,betapapillomavirus_1,beta_HPV105,beta,21,1
128,pave,HPV12,HPV12-L1|lcl|Human,12,beta,1,betapapillomavirus_1,beta_HPV12,beta,21,1
129,pave,HPV206,HPV206-L1|lcl|Human,206,beta,NA,betapapillomavirus_NA,beta_HPV206,beta,21,1
130,pave,HPV92,HPV92-L1|lcl|Human,92,beta,4,betapapillomavirus_4,beta_HPV92,beta,21,1
131,pave,HPV150,HPV150-L1|lcl|Human,150,beta,5,betapapillomavirus_5,beta_HPV150,beta,21,1
132,pave,HPV185,HPV185-L1|lcl|Human,185,beta,5,betapapillomavirus_5,beta_HPV185,beta,21,1
133,pave,HPV96,HPV96-L1|lcl|Human,96,beta,5,betapapillomavirus_5,beta_HPV96,beta,21,1
134,pave,HPV104,HPV104-L1|lcl|Human,104,beta,2,betapapillomavirus_2,beta_HPV104,beta,21,1
135,rag,Met2859_rag_skin_NODE_303_length_7456_cov_154.455074_2,Met2859_rag_skin_NODE_303_length_7456_cov_154.455074_2,0,rag,104,0,0,red,21,1.4
136,pave,HPV209,HPV209-L1|lcl|Human,209,beta,NA,betapapillomavirus_NA,beta_HPV209,beta,21,1
137,pave,HPV107,HPV107-L1|lcl|Human,107,beta,2,betapapillomavirus_2,beta_HPV107,beta,21,1
138,rag,Met2825_rag_skin_NODE_443_length_7478_cov_16.773003_1,Met2825_rag_skin_NODE_443_length_7478_cov_16.773003_1,0,rag,107,0,0,red,21,1.4
139,pave,HPV38,HPV38-L1|lcl|Human,38,beta,2,betapapillomavirus_2,beta_HPV38,beta,21,1
140,pave,HPV100,HPV100-L1|lcl|Human,100,beta,2,betapapillomavirus_2,beta_HPV100,beta,21,1
141,pave,HPV151,HPV151-L1|lcl|Human,151,beta,2,betapapillomavirus_2,beta_HPV151,beta,21,1
142,pave,HPV22,HPV22-L1|lcl|Human,22,beta,2,betapapillomavirus_2,beta_HPV22,beta,21,1
143,pave,HPV23,HPV23-L1|lcl|Human,23,beta,2,betapapillomavirus_2,beta_HPV23,beta,21,1
144,pave,HPV120,HPV120-L1|lcl|Human,120,beta,2,betapapillomavirus_2,beta_HPV120,beta,21,1
145,pave,HPV110,HPV110-L1|lcl|Human,110,beta,2,betapapillomavirus_2,beta_HPV110,beta,21,1
146,pave,HPV80,HPV80-L1|lcl|Human,80,beta,2,betapapillomavirus_2,beta_HPV80,beta,21,1
147,pave,HPV15,HPV15-L1|lcl|Human,15,beta,2,betapapillomavirus_2,beta_HPV15,beta,21,1
148,pave,HPV182,HPV182-L1|lcl|Human,182,beta,2,betapapillomavirus_2,beta_HPV182,beta,21,1
149,pave,HPV17,HPV17-L1|lcl|Human,17,beta,2,betapapillomavirus_2,beta_HPV17,beta,21,1
150,pave,HPV37,HPV37-L1|lcl|Human,37,beta,2,betapapillomavirus_2,beta_HPV37,beta,21,1
151,pave,HPV227,HPV227-L1|lcl|Human,227,beta,NA,betapapillomavirus_NA,beta_HPV227,beta,21,1
152,pave,HPV122,HPV122-L1|lcl|Human,122,beta,2,betapapillomavirus_2,beta_HPV122,beta,21,1
153,pave,HPV111,HPV111-L1|lcl|Human,111,beta,2,betapapillomavirus_2,beta_HPV111,beta,21,1
154,pave,HPV113,HPV113-L1|lcl|Human,113,beta,2,betapapillomavirus_2,beta_HPV113,beta,21,1
155,rag,Met4151_rag_skin_NODE_280_length_7472_cov_32.962788_1,Met4151_rag_skin_NODE_280_length_7472_cov_32.962788_1,0,rag,113,0,0,red,21,1.4
156,pave,HPV9,HPV9-L1|lcl|Human,9,beta,2,betapapillomavirus_2,beta_HPV9,beta,21,1
157,pave,HPV159,HPV159-L1|lcl|Human,159,beta,2,betapapillomavirus_2,beta_HPV159,beta,21,1
158,pave,HPV145,HPV145-L1|lcl|Human,145,beta,2,betapapillomavirus_2,beta_HPV145,beta,21,1
159,pave,HPV174,HPV174-L1|lcl|Human,174,beta,2,betapapillomavirus_2,beta_HPV174,beta,21,1
160,pave,HPV115,HPV115-L1|lcl|Human,115,beta,3,betapapillomavirus_3,beta_HPV115,beta,21,1
161,pave,HPV49,HPV49-L1|lcl|Human,49,beta,3,betapapillomavirus_3,beta_HPV49,beta,21,1
162,pave,HPV76,HPV76-L1|lcl|Human,76,beta,3,betapapillomavirus_3,beta_HPV76,beta,21,1
163,pave,HPV75,HPV75-L1|lcl|Human,75,beta,3,betapapillomavirus_3,beta_HPV75,beta,21,1
164,rag,Met2859_rag_skin_NODE_277_length_7592_cov_2542.870240_6,Met2859_rag_skin_NODE_277_length_7592_cov_2542.870240_6,0,rag,75,0,0,red,21,1.4
165,pave,HPV71,HPV71-L1|lcl|Human,71,alpha,14,alphapapillomavirus_14,alpha_HPV71,alpha,21,1
166,pave,HPV106,HPV106-L1|lcl|Human,106,alpha,14,alphapapillomavirus_14,alpha_HPV106,alpha,21,1
167,pave,HPV90,HPV90-L1|lcl|Human,90,alpha,14,alphapapillomavirus_14,alpha_HPV90,alpha,21,1
168,pave,HPV27,HPV27-L1|lcl|Human,27,alpha,4,alphapapillomavirus_4,alpha_HPV27,alpha,21,1
169,pave,HPV57,HPV57-L1|lcl|Human,57,alpha,4,alphapapillomavirus_4,alpha_HPV57,alpha,21,1
170,pave,HPV2,HPV2-L1|lcl|Human,2,alpha,4,alphapapillomavirus_4,alpha_HPV2,alpha,21,1
171,pave,HPV86,HPV86-L1|lcl|Human,86,alpha,3,alphapapillomavirus_3,alpha_HPV86,alpha,21,1
172,pave,HPV87,HPV87-L1|lcl|Human,87,alpha,3,alphapapillomavirus_3,alpha_HPV87,alpha,21,1
173,pave,HPV114,HPV114-L1|lcl|Human,114,alpha,3,alphapapillomavirus_3,alpha_HPV114,alpha,21,1
174,pave,HPV84,HPV84-L1|lcl|Human,84,alpha,3,alphapapillomavirus_3,alpha_HPV84,alpha,21,1
175,pave,HPV62,HPV62-L1|lcl|Human,62,alpha,3,alphapapillomavirus_3,alpha_HPV62,alpha,21,1
176,pave,HPV81,HPV81-L1|lcl|Human,81,alpha,3,alphapapillomavirus_3,alpha_HPV81,alpha,21,1
177,pave,HPV72,HPV72-L1|lcl|Human,72,alpha,3,alphapapillomavirus_3,alpha_HPV72,alpha,21,1
178,pave,HPV61,HPV61-L1|lcl|Human,61,alpha,3,alphapapillomavirus_3,alpha_HPV61,alpha,21,1
179,pave,HPV89,HPV89-L1|lcl|Human,89,alpha,3,alphapapillomavirus_3,alpha_HPV89,alpha,21,1
180,pave,HPV83,HPV83-L1|lcl|Human,83,alpha,3,alphapapillomavirus_3,alpha_HPV83,alpha,21,1
181,pave,HPV102,HPV102-L1|lcl|Human,102,alpha,3,alphapapillomavirus_3,alpha_HPV102,alpha,21,1
182,pave,HPV59,HPV59-L1|lcl|Human,59,alpha,7,alphapapillomavirus_7,alpha_HPV59,alpha,21,1
183,pave,HPV18,HPV18-L1|lcl|Human,18,alpha,7,alphapapillomavirus_7,alpha_HPV18,alpha,21,1
184,pave,HPV45,HPV45-L1|lcl|Human,45,alpha,7,alphapapillomavirus_7,alpha_HPV45,alpha,21,1
185,pave,HPV97,HPV97-L1|lcl|Human,97,alpha,7,alphapapillomavirus_7,alpha_HPV97,alpha,21,1
186,pave,HPV85,HPV85-L1|lcl|Human,85,alpha,7,alphapapillomavirus_7,alpha_HPV85,alpha,21,1
187,pave,HPV70,HPV70-L1|lcl|Human,70,alpha,7,alphapapillomavirus_7,alpha_HPV70,alpha,21,1
188,pave,HPV68,HPV68-L1|lcl|Human,68,alpha,7,alphapapillomavirus_7,alpha_HPV68,alpha,21,1
189,pave,HPV39,HPV39-L1|lcl|Human,39,alpha,7,alphapapillomavirus_7,alpha_HPV39,alpha,21,1
190,pave,HPV77,HPV77-L1|lcl|Human,77,alpha,2,alphapapillomavirus_2,alpha_HPV77,alpha,21,1
191,pave,HPV29,HPV29-L1|lcl|Human,29,alpha,2,alphapapillomavirus_2,alpha_HPV29,alpha,21,1
192,pave,HPV117,HPV117-L1|lcl|Human,117,alpha,2,alphapapillomavirus_2,alpha_HPV117,alpha,21,1
193,pave,HPV10,HPV10-L1|lcl|Human,10,alpha,2,alphapapillomavirus_2,alpha_HPV10,alpha,21,1
194,pave,HPV94,HPV94-L1|lcl|Human,94,alpha,2,alphapapillomavirus_2,alpha_HPV94,alpha,21,1
195,pave,HPV28,HPV28-L1|lcl|Human,28,alpha,2,alphapapillomavirus_2,alpha_HPV28,alpha,21,1
196,rag,Met2825_rag_skin_NODE_407_length_8030_cov_208.787962_5,Met2825_rag_skin_NODE_407_length_8030_cov_208.787962_5,0,rag,28,0,0,red,21,1.4
197,rag,Met2823_rag_skin_NODE_158_length_7969_cov_10.926459_5,Met2823_rag_skin_NODE_158_length_7969_cov_10.926459_5,0,rag,28,0,0,red,21,1.4
198,pave,HPV125,HPV125-L1|lcl|Human,125,alpha,2,alphapapillomavirus_2,alpha_HPV125,alpha,21,1
199,pave,HPV3,HPV3-L1|lcl|Human,3,alpha,2,alphapapillomavirus_2,alpha_HPV3,alpha,21,1
200,pave,HPV78,HPV78-L1|lcl|Human,78,alpha,2,alphapapillomavirus_2,alpha_HPV78,alpha,21,1
201,pave,HPV160,HPV160-L1|lcl|Human,160,alpha,2,alphapapillomavirus_2,alpha_HPV160,alpha,21,1
202,pave,HPV56,HPV56-L1|lcl|Human,56,alpha,6,alphapapillomavirus_6,alpha_HPV56,alpha,21,1
203,pave,HPV66,HPV66-L1|lcl|Human,66,alpha,7,alphapapillomavirus_7,alpha_HPV66,alpha,21,1
204,pave,HPV53,HPV53-L1|lcl|Human,53,alpha,6,alphapapillomavirus_6,alpha_HPV53,alpha,21,1
205,pave,HPV30,HPV30-L1|lcl|Human,30,alpha,6,alphapapillomavirus_6,alpha_HPV30,alpha,21,1
206,pave,HPV51,HPV51-L1|lcl|Human,51,alpha,5,alphapapillomavirus_5,alpha_HPV51,alpha,21,1
207,pave,HPV82,HPV82-L1|lcl|Human,82,alpha,6,alphapapillomavirus_6,alpha_HPV82,alpha,21,1
208,pave,HPV69,HPV69-L1|lcl|Human,69,alpha,5,alphapapillomavirus_5,alpha_HPV69,alpha,21,1
209,pave,HPV26,HPV26-L1|lcl|Human,26,alpha,5,alphapapillomavirus_5,alpha_HPV26,alpha,21,1
210,pave,HPV7,HPV7-L1|lcl|Human,7,alpha,8,alphapapillomavirus_8,alpha_HPV7,alpha,21,1
211,pave,HPV40,HPV40-L1|lcl|Human,40,alpha,8,alphapapillomavirus_8,alpha_HPV40,alpha,21,1
212,pave,HPV91,HPV91-L1|lcl|Human,91,alpha,8,alphapapillomavirus_8,alpha_HPV91,alpha,21,1
213,pave,HPV43,HPV43-L1|lcl|Human,43,alpha,8,alphapapillomavirus_8,alpha_HPV43,alpha,21,1
214,pave,HPV54,HPV54-L1|lcl|Human,54,alpha,13,alphapapillomavirus_13,alpha_HPV54,alpha,21,1
215,pave,HPV42,HPV42-L1|lcl|Human,42,alpha,1,alphapapillomavirus_1,alpha_HPV42,alpha,21,1
216,pave,HPV32,HPV32-L1|lcl|Human,32,alpha,1,alphapapillomavirus_1,alpha_HPV32,alpha,21,1
217,pave,HPV177,HPV177-L1|lcl|Human,177,alpha,7,alphapapillomavirus_7,alpha_HPV177,alpha,21,1
218,pave,HPV73,HPV73-L1|lcl|Human,73,alpha,11,alphapapillomavirus_11,alpha_HPV73,alpha,21,1
219,pave,HPV34,HPV34-L1|lcl|Human,34,alpha,11,alphapapillomavirus_11,alpha_HPV34,alpha,21,1
220,pave,HPV52,HPV52-L1|lcl|Human,52,alpha,9,alphapapillomavirus_9,alpha_HPV52,alpha,21,1
221,pave,HPV67,HPV67-L1|lcl|Human,67,alpha,9,alphapapillomavirus_9,alpha_HPV67,alpha,21,1
222,pave,HPV33,HPV33-L1|lcl|Human,33,alpha,9,alphapapillomavirus_9,alpha_HPV33,alpha,21,1
223,pave,HPV58,HPV58-L1|lcl|Human,58,alpha,9,alphapapillomavirus_9,alpha_HPV58,alpha,21,1
224,pave,HPV31,HPV31-L1|lcl|Human,31,alpha,9,alphapapillomavirus_9,alpha_HPV31,alpha,21,1
225,pave,HPV16,HPV16-L1|lcl|Human,16,alpha,9,alphapapillomavirus_9,alpha_HPV16,alpha,21,1
226,pave,HPV35,HPV35-L1|lcl|Human,35,alpha,9,alphapapillomavirus_9,alpha_HPV35,alpha,21,1
227,pave,HPV6,HPV6-L1|lcl|Human,6,alpha,10,alphapapillomavirus_10,alpha_HPV6,alpha,21,1
228,pave,HPV11,HPV11-L1|lcl|Human,11,alpha,10,alphapapillomavirus_10,alpha_HPV11,alpha,21,1
229,pave,HPV13,HPV13-L1|lcl|Human,13,alpha,10,alphapapillomavirus_10,alpha_HPV13,alpha,21,1
230,pave,HPV74,HPV74-L1|lcl|Human,74,alpha,10,alphapapillomavirus_10,alpha_HPV74,alpha,21,1
231,pave,HPV44,HPV44-L1|lcl|Human,44,alpha,10,alphapapillomavirus_10,alpha_HPV44,alpha,21,1
232,pave,HPV41,HPV41-L1|lcl|Human,41,nu,1,nupapillomavirus_1,nu_HPV41,nu,21,1
233,pave,HPV204,HPV204-L1|lcl|Human,204,mu,NA,mupapillomavirus_NA,mu_HPV204,mu,21,1
234,pave,HPV1,HPV1-L1|lcl|Human,1,mu,1,mupapillomavirus_1,mu_HPV1,mu,21,1
235,pave,HPV63,HPV63-L1|lcl|Human,63,mu,2,mupapillomavirus_2,mu_HPV63,mu,21,1
236,pave,HPV226,HPV226-L1|lcl|Human,226,gamma,NA,gammapapillomavirus_NA,gamma_HPV226,gamma,21,1
237,pave,HPV101,HPV101-L1|lcl|Human,101,gamma,6,gammapapillomavirus_6,gamma_HPV101,gamma,21,1
238,pave,HPV214,HPV214-L1|lcl|Human,214,gamma,NA,gammapapillomavirus_NA,gamma_HPV214,gamma,21,1
239,pave,HPV108,HPV108-L1|lcl|Human,108,gamma,6,gammapapillomavirus_6,gamma_HPV108,gamma,21,1
240,pave,HPV103,HPV103-L1|lcl|Human,103,gamma,6,gammapapillomavirus_6,gamma_HPV103,gamma,21,1
241,pave,HPV203,HPV203-L1|lcl|Human,203,gamma,NA,gammapapillomavirus_NA,gamma_HPV203,gamma,21,1
242,pave,HPV134,HPV134-L1|lcl|Human,134,gamma,7,gammapapillomavirus_7,gamma_HPV134,gamma,21,1
243,pave,HPV109,HPV109-L1|lcl|Human,109,gamma,7,gammapapillomavirus_7,gamma_HPV109,gamma,21,1
244,pave,HPV170,HPV170-L1|lcl|Human,170,gamma,7,gammapapillomavirus_7,gamma_HPV170,gamma,21,1
245,pave,HPV225,HPV225-L1|lcl|Human,225,gamma,NA,gammapapillomavirus_NA,gamma_HPV225,gamma,21,1
246,pave,HPV123,HPV123-L1|lcl|Human,123,gamma,7,gammapapillomavirus_7,gamma_HPV123,gamma,21,1
247,pave,HPV186,HPV186-L1|lcl|Human,186,gamma,7,gammapapillomavirus_7,gamma_HPV186,gamma,21,1
248,pave,HPV155,HPV155-L1|lcl|Human,155,gamma,7,gammapapillomavirus_7,gamma_HPV155,gamma,21,1
249,pave,HPV193,HPV193-L1|lcl|Human,193,gamma,7,gammapapillomavirus_7,gamma_HPV193,gamma,21,1
250,pave,HPV149,HPV149-L1|lcl|Human,149,gamma,7,gammapapillomavirus_7,gamma_HPV149,gamma,21,1
251,pave,HPV189,HPV189-L1|lcl|Human,189,gamma,7,gammapapillomavirus_7,gamma_HPV189,gamma,21,1
252,pave,HPV139,HPV139-L1|lcl|Human,139,gamma,7,gammapapillomavirus_7,gamma_HPV139,gamma,21,1
253,pave,HPV138,HPV138-L1|lcl|Human,138,gamma,7,gammapapillomavirus_7,gamma_HPV138,gamma,21,1