no,user_genome,domain,phylum,class,order,family,genus,species
1,rag_skin_Met2837.bin.2,d__Bacteria,p__Firmicutes,c__Bacilli,o__Lactobacillales,f__Streptococcaceae,g__Streptococcus,s__Streptococcus oralis_S
2,rag_stool_Met4365.bin.17,d__Bacteria,p__Firmicutes,c__Bacilli,o__Lactobacillales,f__Streptococcaceae,g__Streptococcus,s__Streptococcus parasanguinis
3,rag_stool_Met4364.bin.7,d__Bacteria,p__Firmicutes,c__Bacilli,o__Lactobacillales,f__Streptococcaceae,g__Streptococcus,s__Streptococcus sp001587175
4,rag_skin_H70060.bin.5,d__Bacteria,p__Firmicutes,c__Bacilli,o__Lactobacillales,f__Streptococcaceae,g__Streptococcus,s__Streptococcus sanguinis
5,rag_stool_Met4363.bin.12,d__Bacteria,p__Firmicutes,c__Bacilli,o__Lactobacillales,f__Streptococcaceae,g__Streptococcus,s__Streptococcus salivarius
6,rag_skin_Met2882.bin.5,d__Bacteria,p__Firmicutes,c__Bacilli,o__Lactobacillales,f__Streptococcaceae,g__Streptococcus,s__Streptococcus thermophilus
7,rag_stool_Met4364.bin.20,d__Bacteria,p__Firmicutes,c__Bacilli,o__Lactobacillales,f__Enterococcaceae,g__Enterococcus_D,s__Enterococcus_D sp002850555
8,rag_stool_Met4366.bin.41,d__Bacteria,p__Firmicutes,c__Bacilli,o__Lactobacillales,f__Enterococcaceae,g__Enterococcus_B,s__Enterococcus_B faecium
9,rag_stool_H70056.bin.32,d__Bacteria,p__Firmicutes,c__Bacilli,o__Lactobacillales,f__Enterococcaceae,g__Enterococcus,s__Enterococcus faecalis
10,rag_stool_Met4365.bin.29,d__Bacteria,p__Firmicutes,c__Bacilli,o__Lactobacillales,f__Lactobacillaceae,g__Ligilactobacillus,s__Ligilactobacillus animalis
11,rag_stool_Met4365.bin.5,d__Bacteria,p__Firmicutes,c__Bacilli,o__Lactobacillales,f__Lactobacillaceae,g__Ligilactobacillus,s__Ligilactobacillus salivarius
12,rag_skin_Met2871.bin.8,d__Bacteria,p__Firmicutes,c__Bacilli,o__Lactobacillales,f__Lactobacillaceae,g__Lactobacillus,s__Lactobacillus crispatus
13,rag_skin_H70040.bin.12,d__Bacteria,p__Firmicutes,c__Bacilli,o__Lactobacillales,f__Lactobacillaceae,g__Lactobacillus,s__Lactobacillus delbrueckii
14,rag_stool_Met4366.bin.9,d__Bacteria,p__Firmicutes,c__Bacilli,o__Lactobacillales,f__Lactobacillaceae,g__Lacticaseibacillus,s__Lacticaseibacillus rhamnosus
15,rag_skin_Met2882.bin.2,d__Bacteria,p__Firmicutes,c__Bacilli,o__Lactobacillales,f__Aerococcaceae,g__Aerococcus,s__Aerococcus viridans_C
16,rag_skin_H70060.bin.11,d__Bacteria,p__Firmicutes,c__Bacilli,o__Lactobacillales,f__Aerococcaceae,g__Abiotrophia,s__Abiotrophia sp001815865
17,rag_stool_H70044.bin.27,d__Bacteria,p__Firmicutes,c__Bacilli,o__Erysipelotrichales,f__Erysipelotrichaceae,g__Holdemania,s__Holdemania sp900120005
18,rag_stool_Met4359.bin.33,d__Bacteria,p__Firmicutes,c__Bacilli,o__Erysipelotrichales,f__Erysipelotrichaceae,g__Faecalicoccus,s__Faecalicoccus sp900546545
19,rag_stool_Met4366.bin.40,d__Bacteria,p__Firmicutes,c__Bacilli,o__Erysipelotrichales,f__Erysipelotrichaceae,g__Longicatena,s__Longicatena innocuum
20,rag_stool_Met4364.bin.12,d__Bacteria,p__Firmicutes,c__Bacilli,o__Erysipelotrichales,f__Erysipelotrichaceae,g__Longicatena,s__Longicatena sp003481775
21,rag_stool_H70040.bin.52,d__Bacteria,p__Firmicutes,c__Bacilli,o__Erysipelotrichales,f__Erysipelotrichaceae,g__Longicatena,s__Longicatena sp000165065
22,rag_stool_H70044.bin.39,d__Bacteria,p__Firmicutes,c__Bacilli,o__Erysipelotrichales,f__Erysipelotrichaceae,g__Longicatena,s__Longicatena caecimuris
23,rag_stool_H70056.bin.4,d__Bacteria,p__Firmicutes,c__Bacilli,o__Erysipelotrichales,f__Erysipelatoclostridiaceae,g__Longibaculum,s__Longibaculum muris
24,rag_stool_H70044.bin.5,d__Bacteria,p__Firmicutes,c__Bacilli,o__Erysipelotrichales,f__Erysipelatoclostridiaceae,g__Erysipelatoclostridium,s__Erysipelatoclostridium spiroforme
25,rag_stool_Met4364.bin.19,d__Bacteria,p__Firmicutes,c__Bacilli,o__Erysipelotrichales,f__Erysipelatoclostridiaceae,g__Erysipelatoclostridium,s__Erysipelatoclostridium ramosum
26,rag_skin_Met2883.bin.9,d__Bacteria,p__Firmicutes,c__Bacilli,o__Staphylococcales,f__Staphylococcaceae,g__Staphylococcus,s__Staphylococcus cohnii
27,rag_skin_H70105.bin.5,d__Bacteria,p__Firmicutes,c__Bacilli,o__Staphylococcales,f__Staphylococcaceae,g__Staphylococcus,s__Staphylococcus epidermidis
28,rag_skin_H70044.bin.11,d__Bacteria,p__Firmicutes,c__Bacilli,o__Staphylococcales,f__Staphylococcaceae,g__Staphylococcus,s__Staphylococcus warneri_A
29,rag_skin_Met2873.bin.2,d__Bacteria,p__Firmicutes,c__Bacilli,o__Staphylococcales,f__Staphylococcaceae,g__Staphylococcus,s__Staphylococcus haemolyticus
30,rag_skin_H70044.bin.15,d__Bacteria,p__Firmicutes,c__Bacilli,o__Staphylococcales,f__Staphylococcaceae,g__Staphylococcus,s__Staphylococcus hominis
31,rag_skin_H70044.bin.14,d__Bacteria,p__Firmicutes,c__Bacilli,o__Staphylococcales,f__Salinicoccaceae,g__Salinicoccus,s__Salinicoccus qingdaonensis
32,rag_stool_Met4358.bin.18,d__Bacteria,p__Firmicutes_A,c__Clostridia,o__Oscillospirales,f__Acutalibacteraceae,g__Ruminococcus_E,s__Ruminococcus_E bromii_B
33,rag_stool_Met4373.bin.26,d__Bacteria,p__Firmicutes_A,c__Clostridia,o__Oscillospirales,f__Acutalibacteraceae,g__UMGS403,s__UMGS403 sp900540275
34,rag_stool_Met4375.bin.8,d__Bacteria,p__Firmicutes_A,c__Clostridia,o__Oscillospirales,f__Acutalibacteraceae,g__GCA-900066995,s__GCA-900066995 sp900291955
35,rag_stool_Met4366.bin.33,d__Bacteria,p__Firmicutes_A,c__Clostridia,o__Oscillospirales,f__Acutalibacteraceae,g__Clostridium_A,s__Clostridium_A leptum
36,rag_stool_H70044.bin.101,d__Bacteria,p__Firmicutes_A,c__Clostridia,o__Oscillospirales,f__Acutalibacteraceae,g__Anaeromassilibacillus,s__Anaeromassilibacillus sp002159845
37,rag_stool_H70056.bin.33,d__Bacteria,p__Firmicutes_A,c__Clostridia,o__Oscillospirales,f__Acutalibacteraceae,g__Clostridium_E,s__Clostridium_E jeddahense
38,rag_stool_H70044.bin.16,d__Bacteria,p__Firmicutes_A,c__Clostridia,o__Oscillospirales,f__Acutalibacteraceae,g__UMGS1071,s__UMGS1071 sp900542375
39,rag_stool_Met4361.bin.16,d__Bacteria,p__Firmicutes_A,c__Clostridia,o__Oscillospirales,f__Acutalibacteraceae,g__Acutalibacter,s__Acutalibacter sp000435395
40,rag_stool_Met4366.bin.25,d__Bacteria,p__Firmicutes_A,c__Clostridia,o__Oscillospirales,f__Acutalibacteraceae,g__Acutalibacter,s__Acutalibacter sp900543555
41,rag_stool_Met4363.bin.22,d__Bacteria,p__Firmicutes_A,c__Clostridia,o__Oscillospirales,f__Acutalibacteraceae,g__Ruminococcus_H,s__Ruminococcus_H sp900549945
42,rag_stool_H70044.bin.87,d__Bacteria,p__Firmicutes_A,c__Clostridia,o__Oscillospirales,f__Acutalibacteraceae,g__Ruminococcus_H,s__Ruminococcus_H sp003531055
43,rag_skin_H70123.bin.40,d__Bacteria,p__Firmicutes_A,c__Clostridia,o__Oscillospirales,f__Acutalibacteraceae,g__CAG-177,s__CAG-177 sp003514385
44,rag_stool_Met4365.bin.48,d__Bacteria,p__Firmicutes_A,c__Clostridia,o__Oscillospirales,f__Acutalibacteraceae,g__CAG-177,s__CAG-177 sp003538135
45,rag_stool_Met4359.bin.16,d__Bacteria,p__Firmicutes_A,c__Clostridia,o__Oscillospirales,f__Acutalibacteraceae,g__UBA1691,s__UBA1691 sp900544375
46,rag_stool_Met4373.bin.3,d__Bacteria,p__Firmicutes_A,c__Clostridia,o__Oscillospirales,f__Acutalibacteraceae,g__CAG-180,s__CAG-180 sp000432435
47,rag_stool_Met4366.bin.16,d__Bacteria,p__Firmicutes_A,c__Clostridia,o__Oscillospirales,f__Acutalibacteraceae,g__CAG-217,s__CAG-217 sp000436335
48,rag_skin_H70123.bin.41,d__Bacteria,p__Firmicutes_A,c__Clostridia,o__Oscillospirales,f__Ruminococcaceae,g__Ruminococcus_C,s__Ruminococcus_C sp000980705
49,rag_stool_H70040.bin.17,d__Bacteria,p__Firmicutes_A,c__Clostridia,o__Oscillospirales,f__Ruminococcaceae,g__UBA1394,s__UBA1394 sp900538575
50,rag_skin_Met4526.bin.6,d__Bacteria,p__Firmicutes_A,c__Clostridia,o__Oscillospirales,f__Ruminococcaceae,g__CAG-353,s__CAG-353 sp900066885
51,rag_stool_Met4360.bin.29,d__Bacteria,p__Firmicutes_A,c__Clostridia,o__Oscillospirales,f__Ruminococcaceae,g__Ruminococcus_D,s__Ruminococcus_D bicirculans
52,rag_stool_Met4358.bin.15,d__Bacteria,p__Firmicutes_A,c__Clostridia,o__Oscillospirales,f__Ruminococcaceae,g__Ruminiclostridium_E,s__Ruminiclostridium_E siraeum
53,rag_stool_H70056.bin.37,d__Bacteria,p__Firmicutes_A,c__Clostridia,o__Oscillospirales,f__Ruminococcaceae,g__Anaerotruncus,s__Anaerotruncus colihominis
54,rag_stool_Met4358.bin.24,d__Bacteria,p__Firmicutes_A,c__Clostridia,o__Oscillospirales,f__Ruminococcaceae,g__Anaerotruncus,s__Anaerotruncus massiliensis
55,rag_stool_H70044.bin.32,d__Bacteria,p__Firmicutes_A,c__Clostridia,o__Oscillospirales,f__Ruminococcaceae,g__UMGS966,s__UMGS966 sp900547185
56,rag_stool_Met4365.bin.22,d__Bacteria,p__Firmicutes_A,c__Clostridia,o__Oscillospirales,f__Ruminococcaceae,g__Negativibacillus,s__Negativibacillus sp000435195
57,rag_stool_Met4371.bin.40,d__Bacteria,p__Firmicutes_A,c__Clostridia,o__Oscillospirales,f__Ruminococcaceae,g__Negativibacillus,s__Negativibacillus sp900547455
58,rag_stool_Met4358.bin.37,d__Bacteria,p__Firmicutes_A,c__Clostridia,o__Oscillospirales,f__Ruminococcaceae,g__Faecalibacterium,s__Faecalibacterium prausnitzii_D
59,rag_stool_Met4370.bin.36,d__Bacteria,p__Firmicutes_A,c__Clostridia,o__Oscillospirales,f__Ruminococcaceae,g__Faecalibacterium,s__Faecalibacterium sp900539945
60,rag_stool_Met4359.bin.19,d__Bacteria,p__Firmicutes_A,c__Clostridia,o__Oscillospirales,f__Ruminococcaceae,g__Faecalibacterium,s__Faecalibacterium prausnitzii_C
61,rag_stool_Met4375.bin.14,d__Bacteria,p__Firmicutes_A,c__Clostridia,o__Oscillospirales,f__Ruminococcaceae,g__Faecalibacterium,s__Faecalibacterium prausnitzii_G
62,rag_stool_Met4368.bin.14,d__Bacteria,p__Firmicutes_A,c__Clostridia,o__Oscillospirales,f__Ruminococcaceae,g__Gemmiger,s__Gemmiger formicilis
63,rag_stool_Met4371.bin.32,d__Bacteria,p__Firmicutes_A,c__Clostridia,o__Oscillospirales,f__Ruminococcaceae,g__Gemmiger,s__Gemmiger sp900540775
64,rag_stool_Met4371.bin.6,d__Bacteria,p__Firmicutes_A,c__Clostridia,o__Oscillospirales,f__Ruminococcaceae,g__Gemmiger,s__Gemmiger qucibialis
65,rag_stool_Met4373.bin.10,d__Bacteria,p__Firmicutes_A,c__Clostridia,o__Oscillospirales,f__Ruminococcaceae,g__Ruthenibacterium,s__Ruthenibacterium sp900546885
66,rag_stool_Met4369.bin.14,d__Bacteria,p__Firmicutes_A,c__Clostridia,o__Oscillospirales,f__Ruminococcaceae,g__Ruthenibacterium,s__Ruthenibacterium lactatiformans
67,rag_stool_Met4358.bin.22,d__Bacteria,p__Firmicutes_A,c__Clostridia,o__Oscillospirales,f__Oscillospiraceae,g__CAG-83,s__CAG-83 sp000435555
68,rag_stool_Met4366.bin.1,d__Bacteria,p__Firmicutes_A,c__Clostridia,o__Oscillospirales,f__Oscillospiraceae,g__CAG-83,s__CAG-83 sp900550615
69,rag_skin_Met4526.bin.14,d__Bacteria,p__Firmicutes_A,c__Clostridia,o__Oscillospirales,f__Oscillospiraceae,g__CAG-83,s__CAG-83 sp000435975
70,rag_stool_Met4358.bin.25,d__Bacteria,p__Firmicutes_A,c__Clostridia,o__Oscillospirales,f__Oscillospiraceae,g__CAG-83,s__CAG-83 sp001916855
71,rag_stool_Met4365.bin.34,d__Bacteria,p__Firmicutes_A,c__Clostridia,o__Oscillospirales,f__Oscillospiraceae,g__CAG-83,s__CAG-83 sp000431575
72,rag_stool_Met4371.bin.34,d__Bacteria,p__Firmicutes_A,c__Clostridia,o__Oscillospirales,f__Oscillospiraceae,g__ER4,s__ER4 sp000765235
73,rag_stool_H70040.bin.50,d__Bacteria,p__Firmicutes_A,c__Clostridia,o__Oscillospirales,f__Oscillospiraceae,g__ER4,s__ER4 sp900317525
74,rag_stool_Met4371.bin.41,d__Bacteria,p__Firmicutes_A,c__Clostridia,o__Oscillospirales,f__Oscillospiraceae,g__Oscillibacter,s__Oscillibacter welbionis
75,rag_stool_Met4365.bin.25,d__Bacteria,p__Firmicutes_A,c__Clostridia,o__Oscillospirales,f__Oscillospiraceae,g__Oscillibacter,s__Oscillibacter sp001916835
76,rag_stool_Met4369.bin.17,d__Bacteria,p__Firmicutes_A,c__Clostridia,o__Oscillospirales,f__Oscillospiraceae,g__Flavonifractor,s__Flavonifractor sp000508885
77,rag_stool_Met4365.bin.4,d__Bacteria,p__Firmicutes_A,c__Clostridia,o__Oscillospirales,f__Oscillospiraceae,g__Marseille-P3106,s__Marseille-P3106 sp900543935
78,rag_stool_H70044.bin.67,d__Bacteria,p__Firmicutes_A,c__Clostridia,o__Oscillospirales,f__Oscillospiraceae,g__Lawsonibacter,s__Lawsonibacter sp900066645
79,rag_stool_Met4361.bin.34,d__Bacteria,p__Firmicutes_A,c__Clostridia,o__Oscillospirales,f__Oscillospiraceae,g__Lawsonibacter,s__Lawsonibacter sp000177015
80,rag_stool_Met4365.bin.51,d__Bacteria,p__Firmicutes_A,c__Clostridia,o__Oscillospirales,f__Oscillospiraceae,g__Lawsonibacter,s__Lawsonibacter sp900066825
81,rag_stool_H70044.bin.92,d__Bacteria,p__Firmicutes_A,c__Clostridia,o__Oscillospirales,f__Oscillospiraceae,g__Lawsonibacter,s__Lawsonibacter asaccharolyticus
82,rag_stool_H70044.bin.98,d__Bacteria,p__Firmicutes_A,c__Clostridia,o__Oscillospirales,f__Oscillospiraceae,g__Evtepia,s__Evtepia gabavorous
83,rag_stool_Met4366.bin.39,d__Bacteria,p__Firmicutes_A,c__Clostridia,o__Oscillospirales,f__Oscillospiraceae,g__CAG-110,s__CAG-110 sp003525905
84,rag_skin_Met4526.bin.33,d__Bacteria,p__Firmicutes_A,c__Clostridia,o__Oscillospirales,f__Oscillospiraceae,g__CAG-170,s__CAG-170 sp000432135
85,rag_stool_Met4365.bin.38,d__Bacteria,p__Firmicutes_A,c__Clostridia,o__Oscillospirales,f__Oscillospiraceae,g__CAG-170,s__CAG-170 sp900548625
86,rag_stool_Met4365.bin.23,d__Bacteria,p__Firmicutes_A,c__Clostridia,o__Oscillospirales,f__Oscillospiraceae,g__CAG-103,s__CAG-103 sp900543625
87,rag_stool_Met4373.bin.15,d__Bacteria,p__Firmicutes_A,c__Clostridia,o__Oscillospirales,f__Oscillospiraceae,g__UBA5446,s__UBA5446 sp900543085
88,rag_stool_H70040.bin.27,d__Bacteria,p__Firmicutes_A,c__Clostridia,o__Oscillospirales,f__Butyricicoccaceae,g__Agathobaculum,s__Agathobaculum butyriciproducens
89,rag_stool_Met4359.bin.31,d__Bacteria,p__Firmicutes_A,c__Clostridia,o__Monoglobales_A,f__UBA1381,g__CAG-41,s__CAG-41 sp900066215
90,rag_stool_Met4370.bin.2,d__Bacteria,p__Firmicutes_A,c__Clostridia,o__Lachnospirales,f__Lachnospiraceae,g__Blautia_A,s__Blautia_A obeum
91,rag_stool_Met4371.bin.37,d__Bacteria,p__Firmicutes_A,c__Clostridia,o__Lachnospirales,f__Lachnospiraceae,g__Blautia_A,s__Blautia_A sp000433815
92,rag_stool_Met4359.bin.9,d__Bacteria,p__Firmicutes_A,c__Clostridia,o__Lachnospirales,f__Lachnospiraceae,g__Blautia_A,s__Blautia_A wexlerae
93,rag_stool_Met4368.bin.3,d__Bacteria,p__Firmicutes_A,c__Clostridia,o__Lachnospirales,f__Lachnospiraceae,g__Blautia_A,s__Blautia_A sp900066205
94,rag_stool_Met4360.bin.25,d__Bacteria,p__Firmicutes_A,c__Clostridia,o__Lachnospirales,f__Lachnospiraceae,g__Blautia_A,s__Blautia_A massiliensis
95,rag_stool_Met4359.bin.8,d__Bacteria,p__Firmicutes_A,c__Clostridia,o__Lachnospirales,f__Lachnospiraceae,g__Blautia,s__Blautia hansenii
96,rag_stool_Met4359.bin.11,d__Bacteria,p__Firmicutes_A,c__Clostridia,o__Lachnospirales,f__Lachnospiraceae,g__Fusicatenibacter,s__Fusicatenibacter saccharivorans
97,rag_stool_Met4364.bin.8,d__Bacteria,p__Firmicutes_A,c__Clostridia,o__Lachnospirales,f__Lachnospiraceae,g__Robinsoniella,s__Robinsoniella peoriensis
98,rag_stool_H70044.bin.15,d__Bacteria,p__Firmicutes_A,c__Clostridia,o__Lachnospirales,f__Lachnospiraceae,g__UBA7182,s__UBA7182 sp003480725
99,rag_stool_Met4373.bin.16,d__Bacteria,p__Firmicutes_A,c__Clostridia,o__Lachnospirales,f__Lachnospiraceae,g__Mediterraneibacter,s__Mediterraneibacter torques
100,rag_stool_Met4365.bin.13,d__Bacteria,p__Firmicutes_A,c__Clostridia,o__Lachnospirales,f__Lachnospiraceae,g__Mediterraneibacter,s__Mediterraneibacter faecis
101,rag_stool_Met4368.bin.18,d__Bacteria,p__Firmicutes_A,c__Clostridia,o__Lachnospirales,f__Lachnospiraceae,g__Ruminococcus_B,s__Ruminococcus_B gnavus
102,rag_stool_Met4365.bin.32,d__Bacteria,p__Firmicutes_A,c__Clostridia,o__Lachnospirales,f__Lachnospiraceae,g__Dorea,s__Dorea longicatena_B
103,rag_stool_H70044.bin.41,d__Bacteria,p__Firmicutes_A,c__Clostridia,o__Lachnospirales,f__Lachnospiraceae,g__Dorea,s__Dorea sp000433535
104,rag_stool_H70044.bin.58,d__Bacteria,p__Firmicutes_A,c__Clostridia,o__Lachnospirales,f__Lachnospiraceae,g__Dorea,s__Dorea faecis
105,rag_stool_H70044.bin.73,d__Bacteria,p__Firmicutes_A,c__Clostridia,o__Lachnospirales,f__Lachnospiraceae,g__Dorea,s__Dorea sp900066555
106,rag_stool_Met4359.bin.6,d__Bacteria,p__Firmicutes_A,c__Clostridia,o__Lachnospirales,f__Lachnospiraceae,g__Sellimonas,s__Sellimonas intestinalis
107,rag_stool_Met4363.bin.5,d__Bacteria,p__Firmicutes_A,c__Clostridia,o__Lachnospirales,f__Lachnospiraceae,g__Faecalimonas,s__Faecalimonas sp000209385
108,rag_stool_Met4368.bin.10,d__Bacteria,p__Firmicutes_A,c__Clostridia,o__Lachnospirales,f__Lachnospiraceae,g__Faecalimonas,s__Faecalimonas nexilis
109,rag_stool_Met4365.bin.26,d__Bacteria,p__Firmicutes_A,c__Clostridia,o__Lachnospirales,f__Lachnospiraceae,g__Bariatricus,s__Bariatricus comes
110,rag_skin_H70123.bin.29,d__Bacteria,p__Firmicutes_A,c__Clostridia,o__Lachnospirales,f__Lachnospiraceae,g__Agathobacter,s__Agathobacter faecis
111,rag_stool_Met4360.bin.20,d__Bacteria,p__Firmicutes_A,c__Clostridia,o__Lachnospirales,f__Lachnospiraceae,g__Agathobacter,s__Agathobacter rectalis
112,rag_stool_H70044.bin.25,d__Bacteria,p__Firmicutes_A,c__Clostridia,o__Lachnospirales,f__Lachnospiraceae,g__Roseburia,s__Roseburia sp900552665
113,rag_stool_Met4370.bin.33,d__Bacteria,p__Firmicutes_A,c__Clostridia,o__Lachnospirales,f__Lachnospiraceae,g__Roseburia,s__Roseburia intestinalis
114,rag_stool_Met4365.bin.1,d__Bacteria,p__Firmicutes_A,c__Clostridia,o__Lachnospirales,f__Lachnospiraceae,g__UBA11774,s__UBA11774 sp003507655
115,rag_stool_Met4358.bin.3,d__Bacteria,p__Firmicutes_A,c__Clostridia,o__Lachnospirales,f__Lachnospiraceae,g__Eisenbergiella,s__Eisenbergiella tayi
116,rag_stool_H70044.bin.12,d__Bacteria,p__Firmicutes_A,c__Clostridia,o__Lachnospirales,f__Lachnospiraceae,g__Eisenbergiella,s__Eisenbergiella sp900066775
117,rag_stool_H70040.bin.46,d__Bacteria,p__Firmicutes_A,c__Clostridia,o__Lachnospirales,f__Lachnospiraceae,g__Acetatifactor,s__Acetatifactor sp900066565
118,rag_stool_Met4365.bin.15,d__Bacteria,p__Firmicutes_A,c__Clostridia,o__Lachnospirales,f__Lachnospiraceae,g__Hungatella,s__Hungatella effluvii
119,rag_stool_Met4373.bin.19,d__Bacteria,p__Firmicutes_A,c__Clostridia,o__Lachnospirales,f__Lachnospiraceae,g__Hungatella,s__Hungatella sp005845265
120,rag_stool_H70044.bin.91,d__Bacteria,p__Firmicutes_A,c__Clostridia,o__Lachnospirales,f__Lachnospiraceae,g__UBA9502,s__UBA9502 sp900538475
121,rag_stool_Met4365.bin.24,d__Bacteria,p__Firmicutes_A,c__Clostridia,o__Lachnospirales,f__Lachnospiraceae,g__UBA9502,s__UBA9502 sp900540335
122,rag_stool_H70044.bin.44,d__Bacteria,p__Firmicutes_A,c__Clostridia,o__Lachnospirales,f__Lachnospiraceae,g__Lachnoclostridium_A,s__Lachnoclostridium_A edouardi
123,rag_stool_Met4365.bin.42,d__Bacteria,p__Firmicutes_A,c__Clostridia,o__Lachnospirales,f__Lachnospiraceae,g__Enterocloster,s__Enterocloster clostridioformis
124,rag_stool_Met4369.bin.2,d__Bacteria,p__Firmicutes_A,c__Clostridia,o__Lachnospirales,f__Lachnospiraceae,g__Enterocloster,s__Enterocloster bolteae
125,rag_stool_Met4364.bin.10,d__Bacteria,p__Firmicutes_A,c__Clostridia,o__Lachnospirales,f__Lachnospiraceae,g__Enterocloster,s__Enterocloster aldenensis
126,rag_stool_Met4368.bin.19,d__Bacteria,p__Firmicutes_A,c__Clostridia,o__Lachnospirales,f__Lachnospiraceae,g__Enterocloster,s__Enterocloster sp900541315
127,rag_stool_Met4372.bin.26,d__Bacteria,p__Firmicutes_A,c__Clostridia,o__Lachnospirales,f__Lachnospiraceae,g__Enterocloster,s__Enterocloster sp000431375
128,rag_stool_Met4375.bin.6,d__Bacteria,p__Firmicutes_A,c__Clostridia,o__Lachnospirales,f__Lachnospiraceae,g__Enterocloster,s__Enterocloster sp001517625
129,rag_stool_H70040.bin.1,d__Bacteria,p__Firmicutes_A,c__Clostridia,o__Lachnospirales,f__Lachnospiraceae,g__Enterocloster,s__Enterocloster asparagiformis
130,rag_stool_Met4373.bin.4,d__Bacteria,p__Firmicutes_A,c__Clostridia,o__Lachnospirales,f__Lachnospiraceae,g__Enterocloster,s__Enterocloster sp900555905
131,rag_stool_Met4360.bin.10,d__Bacteria,p__Firmicutes_A,c__Clostridia,o__Lachnospirales,f__Lachnospiraceae,g__Clostridium_Q,s__Clostridium_Q symbiosum
132,rag_stool_H70040.bin.40,d__Bacteria,p__Firmicutes_A,c__Clostridia,o__Lachnospirales,f__Lachnospiraceae,g__Clostridium_Q,s__Clostridium_Q sp003024715
133,rag_stool_H70044.bin.99,d__Bacteria,p__Firmicutes_A,c__Clostridia,o__Lachnospirales,f__Lachnospiraceae,g__Clostridium_Q,s__Clostridium_Q sp000435655
134,rag_stool_Met4366.bin.31,d__Bacteria,p__Firmicutes_A,c__Clostridia,o__Lachnospirales,f__Lachnospiraceae,g__Clostridium_Q,s__Clostridium_Q saccharolyticum_A
135,rag_stool_H70044.bin.35,d__Bacteria,p__Firmicutes_A,c__Clostridia,o__Lachnospirales,f__Lachnospiraceae,g__CAG-81,s__CAG-81 sp900066535
136,rag_stool_Met4365.bin.39,d__Bacteria,p__Firmicutes_A,c__Clostridia,o__Lachnospirales,f__Lachnospiraceae,g__CAG-81,s__CAG-81 sp000435795
137,rag_stool_H70040.bin.42,d__Bacteria,p__Firmicutes_A,c__Clostridia,o__Lachnospirales,f__Lachnospiraceae,g__CAG-81,s__CAG-81 sp900541255
138,rag_skin_H70123.bin.42,d__Bacteria,p__Firmicutes_A,c__Clostridia,o__Lachnospirales,f__Lachnospiraceae,g__KLE1615,s__KLE1615 sp900066985
139,rag_stool_Met4366.bin.20,d__Bacteria,p__Firmicutes_A,c__Clostridia,o__Lachnospirales,f__Lachnospiraceae,g__Lachnospira,s__Lachnospira eligens_B
140,rag_stool_Met4371.bin.16,d__Bacteria,p__Firmicutes_A,c__Clostridia,o__Lachnospirales,f__Lachnospiraceae,g__Lachnospira,s__Lachnospira rogosae
141,rag_stool_Met4370.bin.17,d__Bacteria,p__Firmicutes_A,c__Clostridia,o__Lachnospirales,f__Lachnospiraceae,g__Lachnospira,s__Lachnospira sp900316325
142,rag_stool_H70056.bin.23,d__Bacteria,p__Firmicutes_A,c__Clostridia,o__Lachnospirales,f__Lachnospiraceae,g__Lachnospira,s__Lachnospira sp000437735
143,rag_stool_Met4370.bin.20,d__Bacteria,p__Firmicutes_A,c__Clostridia,o__Lachnospirales,f__Lachnospiraceae,g__TF01-11,s__TF01-11 sp001414325
144,rag_skin_H70123.bin.10,d__Bacteria,p__Firmicutes_A,c__Clostridia,o__Lachnospirales,f__Lachnospiraceae,g__Coprococcus,s__Coprococcus eutactus_A
145,rag_skin_H70123.bin.48,d__Bacteria,p__Firmicutes_A,c__Clostridia,o__Lachnospirales,f__Lachnospiraceae,g__Anaerostipes,s__Anaerostipes hadrus_A
146,rag_stool_Met4359.bin.21,d__Bacteria,p__Firmicutes_A,c__Clostridia,o__Lachnospirales,f__Lachnospiraceae,g__Anaerostipes,s__Anaerostipes hadrus
147,rag_stool_H70044.bin.31,d__Bacteria,p__Firmicutes_A,c__Clostridia,o__Lachnospirales,f__Lachnospiraceae,g__Anaerostipes,s__Anaerostipes caccae
148,rag_stool_H70044.bin.69,d__Bacteria,p__Firmicutes_A,c__Clostridia,o__Lachnospirales,f__Lachnospiraceae,g__Anaerobutyricum,s__Anaerobutyricum hallii_A
149,rag_stool_Met4365.bin.10,d__Bacteria,p__Firmicutes_A,c__Clostridia,o__Lachnospirales,f__Anaerotignaceae,g__UMGS1670,s__UMGS1670 sp900546215
150,rag_stool_H70040.bin.14,d__Bacteria,p__Firmicutes_A,c__Clostridia,o__Peptostreptococcales,f__Anaerovoracaceae,g__CAG-145,s__CAG-145 sp000435715
151,rag_stool_Met4364.bin.21,d__Bacteria,p__Firmicutes_A,c__Clostridia,o__Peptostreptococcales,f__Anaerovoracaceae,g__Mogibacterium,s__Mogibacterium diversum
152,rag_stool_Met4359.bin.24,d__Bacteria,p__Firmicutes_A,c__Clostridia,o__Peptostreptococcales,f__Peptostreptococcaceae,g__Romboutsia,s__Romboutsia timonensis
153,rag_skin_Met2849.bin.3,d__Bacteria,p__Firmicutes_A,c__Clostridia,o__Tissierellales,f__Helcococcaceae,g__Anaerococcus,s__Anaerococcus octavius
154,rag_skin_Met2849.bin.1,d__Bacteria,p__Firmicutes_A,c__Clostridia,o__Tissierellales,f__Helcococcaceae,g__Anaerococcus,s__Anaerococcus nagyae
155,rag_skin_H70056.bin.12,d__Bacteria,p__Firmicutes_A,c__Clostridia,o__Tissierellales,f__Helcococcaceae,g__Anaerococcus,s__Anaerococcus senegalensis
156,rag_skin_Met2897.bin.5,d__Bacteria,p__Firmicutes_A,c__Clostridia,o__Tissierellales,f__Helcococcaceae,g__Finegoldia,s__Finegoldia magna_F
157,rag_skin_Met2849.bin.5,d__Bacteria,p__Firmicutes_A,c__Clostridia,o__Tissierellales,f__Helcococcaceae,g__Finegoldia,s__Finegoldia magna
158,rag_skin_Met2849.bin.13,d__Bacteria,p__Firmicutes_A,c__Clostridia,o__Tissierellales,f__Peptoniphilaceae,g__Peptoniphilus_A,s__Peptoniphilus_A harei
159,rag_skin_H70123.bin.3,d__Bacteria,p__Firmicutes_A,c__Clostridia_A,o__Christensenellales,f__Borkfalkiaceae,g__UBA7597,s__UBA7597 sp900542935
160,rag_skin_H70123.bin.46,d__Bacteria,p__Firmicutes_A,c__Clostridia_A,o__Christensenellales,f__Borkfalkiaceae,g__Borkfalkia,s__Borkfalkia ceftriaxoniphila
161,rag_skin_H70123.bin.23,d__Bacteria,p__Firmicutes_A,c__Clostridia_A,o__Christensenellales,f__CAG-138,g__SFEL01,s__SFEL01 sp004557245
162,rag_skin_H70123.bin.25,d__Bacteria,p__Firmicutes_A,c__Clostridia_A,o__Christensenellales,f__CAG-138,g__PeH17,s__PeH17 sp000435055
163,rag_stool_H70040.bin.39,d__Bacteria,p__Firmicutes_C,c__Negativicutes,o__Veillonellales,f__Veillonellaceae,g__Veillonella,s__Veillonella dispar_A
164,rag_stool_H70040.bin.16,d__Bacteria,p__Firmicutes_C,c__Negativicutes,o__Veillonellales,f__Veillonellaceae,g__Veillonella,s__Veillonella parvula_A
165,rag_stool_Met4371.bin.30,d__Bacteria,p__Firmicutes_C,c__Negativicutes,o__Veillonellales,f__Megasphaeraceae,g__Megasphaera,s__Megasphaera sp001546855
166,rag_skin_Met4526.bin.34,d__Bacteria,p__Firmicutes_C,c__Negativicutes,o__Veillonellales,f__Dialisteraceae,g__Dialister,s__Dialister invisus
167,rag_stool_Met4364.bin.2,d__Bacteria,p__Firmicutes_C,c__Negativicutes,o__Acidaminococcales,f__Acidaminococcaceae,g__Phascolarctobacterium_A,s__Phascolarctobacterium_A succinatutens
168,rag_stool_H70044.bin.61,d__Bacteria,p__Firmicutes_C,c__Negativicutes,o__Acidaminococcales,f__Acidaminococcaceae,g__Phascolarctobacterium,s__Phascolarctobacterium faecium
169,rag_stool_Met4373.bin.7,d__Bacteria,p__Firmicutes_C,c__Negativicutes,o__Acidaminococcales,f__Acidaminococcaceae,g__Phascolarctobacterium,s__Phascolarctobacterium sp000436095
170,rag_skin_Met2883.bin.10,d__Bacteria,p__Actinobacteriota,c__Actinomycetia,o__Mycobacteriales,f__Mycobacteriaceae,g__Corynebacterium,s__Corynebacterium afermentans
171,rag_skin_Met4523.bin.4,d__Bacteria,p__Actinobacteriota,c__Actinomycetia,o__Mycobacteriales,f__Mycobacteriaceae,g__Corynebacterium,s__Corynebacterium ureicelerivorans
172,rag_skin_Met4156.bin.1,d__Bacteria,p__Actinobacteriota,c__Actinomycetia,o__Mycobacteriales,f__Mycobacteriaceae,g__Corynebacterium,s__Corynebacterium sp900539985
173,rag_skin_Met4353.bin.1,d__Bacteria,p__Actinobacteriota,c__Actinomycetia,o__Mycobacteriales,f__Mycobacteriaceae,g__Corynebacterium,s__Corynebacterium kefirresidentii
174,rag_skin_H70105.bin.8,d__Bacteria,p__Actinobacteriota,c__Actinomycetia,o__Mycobacteriales,f__Mycobacteriaceae,g__Corynebacterium,s__Corynebacterium sp001807485
175,rag_skin_Met4150.bin.1,d__Bacteria,p__Actinobacteriota,c__Actinomycetia,o__Mycobacteriales,f__Mycobacteriaceae,g__Corynebacterium,s__Corynebacterium bovis
176,rag_skin_H70088.bin.13,d__Bacteria,p__Actinobacteriota,c__Actinomycetia,o__Mycobacteriales,f__Mycobacteriaceae,g__Corynebacterium,s__Corynebacterium kroppenstedtii_B
177,rag_skin_H70060.bin.15,d__Bacteria,p__Actinobacteriota,c__Actinomycetia,o__Mycobacteriales,f__Mycobacteriaceae,g__Corynebacterium,s__Corynebacterium amycolatum
178,rag_skin_Met4136.bin.1,d__Bacteria,p__Actinobacteriota,c__Actinomycetia,o__Mycobacteriales,f__Mycobacteriaceae,g__Corynebacterium,s__Corynebacterium xerosis
179,rag_skin_Met4135.bin.4,d__Bacteria,p__Actinobacteriota,c__Actinomycetia,o__Mycobacteriales,f__Mycobacteriaceae,g__Lawsonella,s__Lawsonella clevelandensis_A
180,rag_skin_H70088.bin.12,d__Bacteria,p__Actinobacteriota,c__Actinomycetia,o__Mycobacteriales,f__Mycobacteriaceae,g__Dietzia,s__Dietzia maris
181,rag_skin_H70044.bin.7,d__Bacteria,p__Actinobacteriota,c__Actinomycetia,o__Actinomycetales,f__Microbacteriaceae,g__Pseudoclavibacter,s__Pseudoclavibacter alba
182,rag_stool_Met4372.bin.27,d__Bacteria,p__Actinobacteriota,c__Actinomycetia,o__Actinomycetales,f__Bifidobacteriaceae,g__Bifidobacterium,s__Bifidobacterium longum
183,rag_skin_H70123.bin.34,d__Bacteria,p__Actinobacteriota,c__Actinomycetia,o__Actinomycetales,f__Bifidobacteriaceae,g__Bifidobacterium,s__Bifidobacterium bifidum
184,rag_stool_H70040.bin.25,d__Bacteria,p__Actinobacteriota,c__Actinomycetia,o__Actinomycetales,f__Bifidobacteriaceae,g__Bifidobacterium,s__Bifidobacterium pseudocatenulatum
185,rag_skin_H70040.bin.14,d__Bacteria,p__Actinobacteriota,c__Actinomycetia,o__Actinomycetales,f__Bifidobacteriaceae,g__Bifidobacterium,s__Bifidobacterium animalis
186,rag_skin_Met4523.bin.1,d__Bacteria,p__Actinobacteriota,c__Actinomycetia,o__Actinomycetales,f__Micrococcaceae,g__Micrococcus,s__Micrococcus luteus
187,rag_skin_Met4134.bin.13,d__Bacteria,p__Actinobacteriota,c__Actinomycetia,o__Actinomycetales,f__Micrococcaceae,g__Citricoccus,s__Citricoccus terreus
188,rag_skin_Met2906.bin.2,d__Bacteria,p__Actinobacteriota,c__Actinomycetia,o__Actinomycetales,f__Micrococcaceae,g__Rothia,s__Rothia mucilaginosa
189,rag_skin_H70103.bin.7,d__Bacteria,p__Actinobacteriota,c__Actinomycetia,o__Actinomycetales,f__Micrococcaceae,g__Rothia,s__Rothia mucilaginosa_A
190,rag_skin_H70088.bin.16,d__Bacteria,p__Actinobacteriota,c__Actinomycetia,o__Actinomycetales,f__Micrococcaceae,g__Kocuria,s__Kocuria rhizophila
191,rag_skin_Met4138.bin.13,d__Bacteria,p__Actinobacteriota,c__Actinomycetia,o__Actinomycetales,f__Micrococcaceae,g__Kocuria,s__Kocuria palustris
192,rag_skin_Met4138.bin.2,d__Bacteria,p__Actinobacteriota,c__Actinomycetia,o__Actinomycetales,f__Brevibacteriaceae,g__Brevibacterium,s__Brevibacterium sp005280295
193,rag_skin_H70060.bin.7,d__Bacteria,p__Actinobacteriota,c__Actinomycetia,o__Actinomycetales,f__Actinomycetaceae,g__Pauljensenia,s__Pauljensenia odontolytica_A
194,rag_skin_H70103.bin.2,d__Bacteria,p__Actinobacteriota,c__Actinomycetia,o__Actinomycetales,f__Actinomycetaceae,g__Pauljensenia,s__Pauljensenia sp000466265
195,rag_stool_Met4363.bin.8,d__Bacteria,p__Actinobacteriota,c__Actinomycetia,o__Actinomycetales,f__Actinomycetaceae,g__Actinomyces,s__Actinomyces oris
196,rag_skin_H70060.bin.14,d__Bacteria,p__Actinobacteriota,c__Actinomycetia,o__Actinomycetales,f__Actinomycetaceae,g__Actinomyces,s__Actinomyces graevenitzii
197,rag_skin_H70088.bin.10,d__Bacteria,p__Actinobacteriota,c__Actinomycetia,o__Actinomycetales,f__Dermabacteraceae,g__Brachybacterium,s__Brachybacterium muris
198,rag_skin_Met2849.bin.9,d__Bacteria,p__Actinobacteriota,c__Actinomycetia,o__Actinomycetales,f__Dermabacteraceae,g__Dermabacter,s__Dermabacter hominis
199,rag_skin_H70088.bin.7,d__Bacteria,p__Actinobacteriota,c__Actinomycetia,o__Actinomycetales,f__Dermatophilaceae,g__Janibacter,s__Janibacter hoylei
200,rag_skin_H70044.bin.18,d__Bacteria,p__Actinobacteriota,c__Actinomycetia,o__Actinomycetales,f__Dermatophilaceae,g__Dermacoccus,s__Dermacoccus nishinomiyaensis
201,rag_skin_H70088.bin.6,d__Bacteria,p__Actinobacteriota,c__Actinomycetia,o__Propionibacteriales,f__Propionibacteriaceae,g__Cutibacterium,s__Cutibacterium namnetense
202,rag_skin_Met4134.bin.11,d__Bacteria,p__Actinobacteriota,c__Actinomycetia,o__Propionibacteriales,f__Propionibacteriaceae,g__Cutibacterium,s__Cutibacterium acnes
203,rag_skin_Met4156.bin.2,d__Bacteria,p__Actinobacteriota,c__Actinomycetia,o__Propionibacteriales,f__Propionibacteriaceae,g__Cutibacterium,s__Cutibacterium granulosum
204,rag_stool_H70040.bin.34,d__Bacteria,p__Actinobacteriota,c__Coriobacteriia,o__Coriobacteriales,f__Coriobacteriaceae,g__Collinsella,s__Collinsella aerofaciens_H
205,rag_stool_H70044.bin.90,d__Bacteria,p__Actinobacteriota,c__Coriobacteriia,o__Coriobacteriales,f__Coriobacteriaceae,g__Collinsella,s__Collinsella aerofaciens_F
206,rag_stool_Met4365.bin.49,d__Bacteria,p__Actinobacteriota,c__Coriobacteriia,o__Coriobacteriales,f__Eggerthellaceae,g__Eggerthella,s__Eggerthella lenta
207,rag_stool_Met4359.bin.1,d__Bacteria,p__Actinobacteriota,c__Coriobacteriia,o__Coriobacteriales,f__Eggerthellaceae,g__Adlercreutzia,s__Adlercreutzia equolifaciens
208,rag_stool_H70044.bin.4,d__Bacteria,p__Cyanobacteria,c__Vampirovibrionia,o__Gastranaerophilales,f__Gastranaerophilaceae,g__CAG-196,s__CAG-196 sp002102975
209,rag_skin_Met2834.bin.2,d__Bacteria,p__Proteobacteria,c__Gammaproteobacteria,o__Pseudomonadales,f__Pseudomonadaceae,g__Pseudomonas_E,s__Pseudomonas_E aeruginosa_A
210,rag_skin_Met2882.bin.1,d__Bacteria,p__Proteobacteria,c__Gammaproteobacteria,o__Pseudomonadales,f__Pseudomonadaceae,g__Pseudomonas_E,s__Pseudomonas_E monteilii
211,rag_skin_Met2834.bin.6,d__Bacteria,p__Proteobacteria,c__Gammaproteobacteria,o__Pseudomonadales,f__Moraxellaceae,g__Acinetobacter,s__Acinetobacter johnsonii
212,rag_skin_H70040.bin.26,d__Bacteria,p__Proteobacteria,c__Gammaproteobacteria,o__Pseudomonadales,f__Moraxellaceae,g__Psychrobacter,s__Psychrobacter sp001435295
213,rag_skin_Met4134.bin.2,d__Bacteria,p__Proteobacteria,c__Gammaproteobacteria,o__Pseudomonadales,f__Moraxellaceae,g__Moraxella_A,s__Moraxella_A osloensis
214,rag_stool_Met4368.bin.24,d__Bacteria,p__Proteobacteria,c__Gammaproteobacteria,o__Enterobacterales,f__Enterobacteriaceae,g__Escherichia,s__Escherichia flexneri
215,rag_stool_Met4372.bin.25,d__Bacteria,p__Proteobacteria,c__Gammaproteobacteria,o__Enterobacterales,f__Enterobacteriaceae,g__Citrobacter,s__Citrobacter portucalensis
216,rag_stool_Met4365.bin.6,d__Bacteria,p__Proteobacteria,c__Gammaproteobacteria,o__Enterobacterales,f__Enterobacteriaceae,g__Raoultella,s__Raoultella planticola
217,rag_stool_Met4364.bin.3,d__Bacteria,p__Proteobacteria,c__Gammaproteobacteria,o__Enterobacterales,f__Enterobacteriaceae,g__Klebsiella_A,s__Klebsiella_A michiganensis
218,rag_stool_Met4374.bin.1,d__Bacteria,p__Proteobacteria,c__Gammaproteobacteria,o__Enterobacterales,f__Enterobacteriaceae,g__Klebsiella,s__Klebsiella variicola
219,rag_skin_Met4350.bin.1,d__Bacteria,p__Proteobacteria,c__Gammaproteobacteria,o__Enterobacterales,f__Pasteurellaceae,g__Haemophilus,s__Haemophilus influenzae
220,rag_skin_Met4129.bin.4,d__Bacteria,p__Proteobacteria,c__Gammaproteobacteria,o__Enterobacterales,f__Pasteurellaceae,g__Haemophilus_D,s__Haemophilus_D sp001815355
221,rag_stool_Met4364.bin.18,d__Bacteria,p__Proteobacteria,c__Gammaproteobacteria,o__Enterobacterales,f__Pasteurellaceae,g__Haemophilus_D,s__Haemophilus_D parainfluenzae_M
222,rag_skin_Met2834.bin.9,d__Bacteria,p__Proteobacteria,c__Gammaproteobacteria,o__Xanthomonadales,f__Xanthomonadaceae,g__Stenotrophomonas,s__Stenotrophomonas maltophilia
223,rag_skin_H70088.bin.21,d__Bacteria,p__Proteobacteria,c__Gammaproteobacteria,o__Xanthomonadales,f__Xanthomonadaceae,g__Xanthomonas,s__Xanthomonas campestris
224,rag_skin_H70060.bin.10,d__Bacteria,p__Proteobacteria,c__Gammaproteobacteria,o__Burkholderiales,f__Burkholderiaceae,g__Lautropia,s__Lautropia mirabilis
225,rag_stool_H70044.bin.48,d__Bacteria,p__Proteobacteria,c__Gammaproteobacteria,o__Burkholderiales,f__Burkholderiaceae,g__Parasutterella,s__Parasutterella excrementihominis
226,rag_skin_H70060.bin.6,d__Bacteria,p__Proteobacteria,c__Gammaproteobacteria,o__Burkholderiales,f__Neisseriaceae,g__Neisseria,s__Neisseria subflava_A
227,rag_skin_H70044.bin.25,d__Bacteria,p__Proteobacteria,c__Gammaproteobacteria,o__Burkholderiales,f__Neisseriaceae,g__Neisseria,s__Neisseria cinerea
228,rag_skin_H70040.bin.1,d__Bacteria,p__Proteobacteria,c__Gammaproteobacteria,o__Burkholderiales,f__Neisseriaceae,g__QFNR01,s__QFNR01 sp003248485
229,rag_skin_Met4141.bin.4,d__Bacteria,p__Proteobacteria,c__Alphaproteobacteria,o__Rhodobacterales,f__Rhodobacteraceae,g__Paracoccus,s__Paracoccus yeei
230,rag_skin_H70088.bin.15,d__Bacteria,p__Proteobacteria,c__Alphaproteobacteria,o__Rhodobacterales,f__Rhodobacteraceae,g__Paracoccus,s__Paracoccus sp004923205
231,rag_skin_H70040.bin.3,d__Bacteria,p__Proteobacteria,c__Alphaproteobacteria,o__Sphingomonadales,f__Sphingomonadaceae,g__Sphingobium,s__Sphingobium yanoikuyae
232,rag_stool_Met4373.bin.6,d__Bacteria,p__Desulfobacterota,c__Desulfovibrionia,o__Desulfovibrionales,f__Desulfovibrionaceae,g__Desulfovibrio,s__Desulfovibrio fairfieldensis
233,rag_stool_Met4366.bin.26,d__Bacteria,p__Desulfobacterota,c__Desulfovibrionia,o__Desulfovibrionales,f__Desulfovibrionaceae,g__Desulfovibrio,s__Desulfovibrio piger
234,rag_stool_H70040.bin.32,d__Bacteria,p__Desulfobacterota,c__Desulfovibrionia,o__Desulfovibrionales,f__Desulfovibrionaceae,g__Mailhella,s__Mailhella sp003150275
235,rag_stool_Met4361.bin.32,d__Bacteria,p__Desulfobacterota,c__Desulfovibrionia,o__Desulfovibrionales,f__Desulfovibrionaceae,g__Bilophila,s__Bilophila wadsworthia
236,rag_skin_H70060.bin.13,d__Bacteria,p__Bacteroidota,c__Bacteroidia,o__Bacteroidales,f__Bacteroidaceae,g__Prevotella,s__Prevotella melaninogenica
237,rag_skin_Met2906.bin.7,d__Bacteria,p__Bacteroidota,c__Bacteroidia,o__Bacteroidales,f__Bacteroidaceae,g__Prevotella,s__Prevotella nanceiensis
238,rag_stool_Met4365.bin.2,d__Bacteria,p__Bacteroidota,c__Bacteroidia,o__Bacteroidales,f__Bacteroidaceae,g__Bacteroides,s__Bacteroides uniformis
239,rag_skin_H70105.bin.4,d__Bacteria,p__Bacteroidota,c__Bacteroidia,o__Bacteroidales,f__Bacteroidaceae,g__Bacteroides,s__Bacteroides eggerthii
240,rag_stool_Met4361.bin.31,d__Bacteria,p__Bacteroidota,c__Bacteroidia,o__Bacteroidales,f__Bacteroidaceae,g__Bacteroides,s__Bacteroides clarus
241,rag_stool_Met4369.bin.10,d__Bacteria,p__Bacteroidota,c__Bacteroidia,o__Bacteroidales,f__Bacteroidaceae,g__Bacteroides,s__Bacteroides stercoris
242,rag_stool_Met4366.bin.4,d__Bacteria,p__Bacteroidota,c__Bacteroidia,o__Bacteroidales,f__Bacteroidaceae,g__Bacteroides,s__Bacteroides xylanisolvens
243,rag_stool_Met4361.bin.22,d__Bacteria,p__Bacteroidota,c__Bacteroidia,o__Bacteroidales,f__Bacteroidaceae,g__Bacteroides,s__Bacteroides ovatus
244,rag_stool_Met4358.bin.20,d__Bacteria,p__Bacteroidota,c__Bacteroidia,o__Bacteroidales,f__Bacteroidaceae,g__Bacteroides,s__Bacteroides sp900066265
245,rag_stool_H70040.bin.41,d__Bacteria,p__Bacteroidota,c__Bacteroidia,o__Bacteroidales,f__Bacteroidaceae,g__Bacteroides,s__Bacteroides caccae
246,rag_stool_Met4375.bin.3,d__Bacteria,p__Bacteroidota,c__Bacteroidia,o__Bacteroidales,f__Bacteroidaceae,g__Bacteroides,s__Bacteroides thetaiotaomicron
247,rag_stool_H70044.bin.24,d__Bacteria,p__Bacteroidota,c__Bacteroidia,o__Bacteroidales,f__Bacteroidaceae,g__Bacteroides,s__Bacteroides salyersiae
248,rag_stool_Met4362.bin.2,d__Bacteria,p__Bacteroidota,c__Bacteroidia,o__Bacteroidales,f__Bacteroidaceae,g__Bacteroides,s__Bacteroides fragilis
249,rag_stool_Met4366.bin.17,d__Bacteria,p__Bacteroidota,c__Bacteroidia,o__Bacteroidales,f__Bacteroidaceae,g__Bacteroides,s__Bacteroides fragilis_A
250,rag_stool_Met4366.bin.10,d__Bacteria,p__Bacteroidota,c__Bacteroidia,o__Bacteroidales,f__Bacteroidaceae,g__Phocaeicola,s__Phocaeicola dorei
251,rag_skin_Met4526.bin.28,d__Bacteria,p__Bacteroidota,c__Bacteroidia,o__Bacteroidales,f__Bacteroidaceae,g__Phocaeicola,s__Phocaeicola sp900554435
252,rag_stool_Met4366.bin.14,d__Bacteria,p__Bacteroidota,c__Bacteroidia,o__Bacteroidales,f__Barnesiellaceae,g__Barnesiella,s__Barnesiella intestinihominis
253,rag_stool_H70056.bin.38,d__Bacteria,p__Bacteroidota,c__Bacteroidia,o__Bacteroidales,f__Barnesiellaceae,g__Barnesiella,s__Barnesiella sp003150885
254,rag_stool_H70044.bin.60,d__Bacteria,p__Bacteroidota,c__Bacteroidia,o__Bacteroidales,f__Coprobacteraceae,g__Coprobacter,s__Coprobacter fastidiosus
255,rag_stool_Met4372.bin.21,d__Bacteria,p__Bacteroidota,c__Bacteroidia,o__Bacteroidales,f__Tannerellaceae,g__Parabacteroides,s__Parabacteroides merdae
256,rag_stool_Met4365.bin.8,d__Bacteria,p__Bacteroidota,c__Bacteroidia,o__Bacteroidales,f__Tannerellaceae,g__Parabacteroides,s__Parabacteroides goldsteinii
257,rag_stool_Met4364.bin.1,d__Bacteria,p__Bacteroidota,c__Bacteroidia,o__Bacteroidales,f__Tannerellaceae,g__Parabacteroides,s__Parabacteroides distasonis
258,rag_skin_Met4129.bin.3,d__Bacteria,p__Bacteroidota,c__Bacteroidia,o__Bacteroidales,f__Porphyromonadaceae,g__Porphyromonas,s__Porphyromonas somerae_A
259,rag_stool_H70040.bin.53,d__Bacteria,p__Bacteroidota,c__Bacteroidia,o__Bacteroidales,f__Marinifilaceae,g__Butyricimonas,s__Butyricimonas virosa
260,rag_stool_Met4366.bin.15,d__Bacteria,p__Bacteroidota,c__Bacteroidia,o__Bacteroidales,f__Marinifilaceae,g__Odoribacter,s__Odoribacter splanchnicus
261,rag_stool_Met4365.bin.18,d__Bacteria,p__Bacteroidota,c__Bacteroidia,o__Bacteroidales,f__Rikenellaceae,g__Alistipes,s__Alistipes shahii
262,rag_stool_Met4375.bin.4,d__Bacteria,p__Bacteroidota,c__Bacteroidia,o__Bacteroidales,f__Rikenellaceae,g__Alistipes,s__Alistipes finegoldii
263,rag_stool_Met4366.bin.2,d__Bacteria,p__Bacteroidota,c__Bacteroidia,o__Bacteroidales,f__Rikenellaceae,g__Alistipes,s__Alistipes onderdonkii
264,rag_stool_Met4366.bin.23,d__Bacteria,p__Bacteroidota,c__Bacteroidia,o__Bacteroidales,f__Rikenellaceae,g__Alistipes,s__Alistipes putredinis
265,rag_stool_Met4366.bin.38,d__Bacteria,p__Bacteroidota,c__Bacteroidia,o__Bacteroidales,f__Rikenellaceae,g__Alistipes,s__Alistipes obesi
266,rag_stool_Met4366.bin.18,d__Bacteria,p__Bacteroidota,c__Bacteroidia,o__Bacteroidales,f__Rikenellaceae,g__Alistipes_A,s__Alistipes_A ihumii
267,rag_stool_Met4366.bin.36,d__Bacteria,p__Bacteroidota,c__Bacteroidia,o__Bacteroidales,f__Rikenellaceae,g__Alistipes_A,s__Alistipes_A sp900240235
268,rag_skin_H70040.bin.13,d__Bacteria,p__Bacteroidota,c__Bacteroidia,o__Flavobacteriales,f__Flavobacteriaceae,g__Flavobacterium,s__Flavobacterium lindanitolerans
269,rag_skin_H70040.bin.4,d__Bacteria,p__Bacteroidota,c__Bacteroidia,o__Flavobacteriales,f__Flavobacteriaceae,g__Capnocytophaga,s__Capnocytophaga leadbetteri
270,rag_skin_H70040.bin.11,d__Bacteria,p__Bacteroidota,c__Bacteroidia,o__Sphingobacteriales,f__Sphingobacteriaceae,g__Sphingobacterium,s__Sphingobacterium siyangense
271,rag_stool_H70044.bin.63,d__Bacteria,p__Verrucomicrobiota,c__Verrucomicrobiae,o__Verrucomicrobiales,f__Akkermansiaceae,g__Akkermansia,s__Akkermansia muciniphila
272,rag_skin_H70123.bin.36,d__Bacteria,p__Verrucomicrobiota,c__Verrucomicrobiae,o__Verrucomicrobiales,f__Akkermansiaceae,g__Akkermansia,s__Akkermansia muciniphila_B
273,rag_skin_H70060.bin.3,d__Bacteria,p__Firmicutes,c__Bacilli,o__Lactobacillales,f__Streptococcaceae,g__Streptococcus,s__
274,rag_skin_Met2834.bin.8,d__Bacteria,p__Firmicutes,c__Bacilli,o__Lactobacillales,f__Streptococcaceae,g__Streptococcus,s__
275,rag_stool_Met4364.bin.11,d__Bacteria,p__Firmicutes,c__Bacilli,o__Lactobacillales,f__Streptococcaceae,g__Streptococcus,s__
276,rag_stool_Met4365.bin.11,d__Bacteria,p__Firmicutes,c__Bacilli,o__Lactobacillales,f__Lactobacillaceae,g__Lactobacillus,s__
277,rag_stool_H70056.bin.3,d__Bacteria,p__Firmicutes,c__Bacilli,o__Erysipelotrichales,f__Erysipelotrichaceae,g__Merdibacter,s__
278,rag_skin_H70040.bin.28,d__Bacteria,p__Firmicutes,c__Bacilli,o__Staphylococcales,f__Salinicoccaceae,g__Nosocomiicoccus,s__
279,rag_stool_H70044.bin.17,d__Bacteria,p__Firmicutes_A,c__Clostridia,o__Oscillospirales,f__Acutalibacteraceae,g__An200,s__
280,rag_stool_Met4373.bin.27,d__Bacteria,p__Firmicutes_A,c__Clostridia,o__Oscillospirales,f__Ruminococcaceae,g__Gemmiger,s__
281,rag_stool_H70044.bin.95,d__Bacteria,p__Firmicutes_A,c__Clostridia,o__Oscillospirales,f__Oscillospiraceae,g__Oscillibacter,s__
282,rag_stool_H70044.bin.9,d__Bacteria,p__Firmicutes_A,c__Clostridia,o__Oscillospirales,f__Oscillospiraceae,g__,s__
283,rag_stool_Met4365.bin.46,d__Bacteria,p__Firmicutes_A,c__Clostridia,o__Oscillospirales,f__Oscillospiraceae,g__,s__
284,rag_stool_Met4364.bin.16,d__Bacteria,p__Firmicutes_A,c__Clostridia,o__Oscillospirales,f__Oscillospiraceae,g__Lawsonibacter,s__
285,rag_stool_H70044.bin.21,d__Bacteria,p__Firmicutes_A,c__Clostridia,o__Oscillospirales,f__Oscillospiraceae,g__Lawsonibacter,s__
286,rag_stool_Met4365.bin.16,d__Bacteria,p__Firmicutes_A,c__Clostridia,o__Oscillospirales,f__Oscillospiraceae,g__Evtepia,s__
287,rag_stool_Met4372.bin.22,d__Bacteria,p__Firmicutes_A,c__Clostridia,o__Oscillospirales,f__Butyricicoccaceae,g__Agathobaculum,s__
288,rag_stool_Met4366.bin.35,d__Bacteria,p__Firmicutes_A,c__Clostridia,o__Lachnospirales,f__Lachnospiraceae,g__Blautia,s__
289,rag_stool_Met4371.bin.12,d__Bacteria,p__Firmicutes_A,c__Clostridia,o__Lachnospirales,f__Lachnospiraceae,g__Mediterraneibacter,s__
290,rag_stool_Met4365.bin.33,d__Bacteria,p__Firmicutes_A,c__Clostridia,o__Lachnospirales,f__Lachnospiraceae,g__,s__
291,rag_stool_Met4365.bin.7,d__Bacteria,p__Firmicutes_A,c__Clostridia,o__Lachnospirales,f__Lachnospiraceae,g__Clostridium_Q,s__
292,rag_skin_H70044.bin.10,d__Bacteria,p__Firmicutes_A,c__Clostridia,o__Tissierellales,f__Helcococcaceae,g__Anaerococcus,s__
293,rag_skin_Met2849.bin.14,d__Bacteria,p__Firmicutes_A,c__Clostridia,o__Tissierellales,f__Helcococcaceae,g__Anaerococcus,s__
294,rag_skin_H70044.bin.12,d__Bacteria,p__Firmicutes_A,c__Clostridia,o__Tissierellales,f__Helcococcaceae,g__Anaerococcus,s__
295,rag_skin_H70044.bin.17,d__Bacteria,p__Firmicutes_A,c__Clostridia,o__Tissierellales,f__Helcococcaceae,g__Anaerococcus,s__
296,rag_skin_Met4136.bin.2,d__Bacteria,p__Firmicutes_A,c__Clostridia,o__Tissierellales,f__Helcococcaceae,g__Finegoldia,s__
297,rag_stool_Met4366.bin.12,d__Bacteria,p__Firmicutes_A,c__Clostridia_A,o__Christensenellales,f__UBA1750,g__UBA7102,s__
298,rag_skin_Met2847.bin.1,d__Bacteria,p__Actinobacteriota,c__Actinomycetia,o__Mycobacteriales,f__Mycobacteriaceae,g__Corynebacterium,s__
299,rag_skin_Met4524.bin.2,d__Bacteria,p__Actinobacteriota,c__Actinomycetia,o__Mycobacteriales,f__Mycobacteriaceae,g__Corynebacterium,s__
300,rag_skin_H70088.bin.23,d__Bacteria,p__Actinobacteriota,c__Actinomycetia,o__Mycobacteriales,f__Mycobacteriaceae,g__Corynebacterium,s__
301,rag_skin_Met2849.bin.4,d__Bacteria,p__Actinobacteriota,c__Actinomycetia,o__Mycobacteriales,f__Mycobacteriaceae,g__Corynebacterium,s__
302,rag_skin_H70056.bin.2,d__Bacteria,p__Actinobacteriota,c__Actinomycetia,o__Mycobacteriales,f__Mycobacteriaceae,g__Corynebacterium,s__
303,rag_skin_Met2873.bin.3,d__Bacteria,p__Actinobacteriota,c__Actinomycetia,o__Mycobacteriales,f__Mycobacteriaceae,g__Corynebacterium,s__
304,rag_skin_H70044.bin.22,d__Bacteria,p__Actinobacteriota,c__Actinomycetia,o__Mycobacteriales,f__Mycobacteriaceae,g__Corynebacterium,s__
305,rag_stool_Met4364.bin.5,d__Bacteria,p__Actinobacteriota,c__Actinomycetia,o__Actinomycetales,f__Actinomycetaceae,g__Pauljensenia,s__
306,rag_skin_H70040.bin.5,d__Bacteria,p__Cyanobacteria,c__Cyanobacteriia,o__Cyanobacteriales,f__Chroococcidiopsidaceae,g__Aliterella,s__
307,rag_stool_Met4366.bin.37,d__Bacteria,p__Proteobacteria,c__Gammaproteobacteria,o__Burkholderiales,f__Burkholderiaceae,g__Duodenibacillus,s__
308,rag_stool_H70044.bin.94,d__Bacteria,p__Proteobacteria,c__Gammaproteobacteria,o__Burkholderiales,f__Burkholderiaceae,g__Sutterella,s__
309,rag_skin_H70088.bin.18,d__Bacteria,p__Proteobacteria,c__Gammaproteobacteria,o__Burkholderiales,f__Neisseriaceae,g__QFNR01,s__
310,rag_skin_Met2870.bin.4,d__Bacteria,p__Proteobacteria,c__Alphaproteobacteria,o__Sphingomonadales,f__Sphingomonadaceae,g__Sphingomonas,s__
311,rag_skin_H70088.bin.9,d__Bacteria,p__Proteobacteria,c__Alphaproteobacteria,o__Geminicoccales,f__Geminicoccaceae,g__,s__
312,rag_skin_Met2834.bin.3,d__Bacteria,p__Proteobacteria,c__Alphaproteobacteria,o__Micavibrionales,f__Micavibrionaceae,g__Micavibrio_A,s__
313,rag_skin_H70040.bin.2,d__Bacteria,p__Proteobacteria,c__Alphaproteobacteria,o__Micavibrionales,f__Micavibrionaceae,g__Micavibrio_B,s__
314,rag_skin_H70040.bin.16,d__Bacteria,p__Bacteroidota,c__Bacteroidia,o__Bacteroidales,f__Bacteroidaceae,g__F0040,s__
315,rag_stool_H70040.bin.4,d__Bacteria,p__Bacteroidota,c__Bacteroidia,o__Bacteroidales,f__Tannerellaceae,g__Parabacteroides,s__
316,rag_stool_H70056.bin.1,d__Bacteria,p__Campylobacterota,c__Campylobacteria,o__Campylobacterales,f__Campylobacteraceae,g__Campylobacter_B,s__